h_geoid,wm_overall,wm_1_2,wm_3,obs_overall,obs_1_2,obs_3
11001000100,6.004,7.581,5.398,2443.7,679.083,1764.617
11001000201,13.337,12.386,14.507,643.383,354.8,288.583
11001000202,7.282,8.494,6.736,1855.017,576.167,1278.85
11001000300,5.688,6.02,5.538,3274.467,1022.25,2252.217
11001000400,7.182,8.349,6.337,980.45,411.483,568.967
11001000501,5.67,6.738,5.323,2363,579.983,1783.017
11001000502,6.186,7.676,5.623,2118.567,580.75,1537.817
11001000600,6.313,7.575,5.828,2499.033,694.033,1805
11001000701,5.977,6.525,5.695,2651.733,899.933,1751.8
11001000702,5.786,5.879,5.738,2348.367,789.733,1558.633
11001000801,6.801,7.662,6.437,2409.733,715.467,1694.267
11001000802,6.088,6.35,5.956,1788.967,601.15,1187.817
11001000901,7.839,8.215,7.662,1804.883,576.083,1228.8
11001000902,7.052,7.876,6.649,1253.8,411.767,842.033
11001001001,6.579,7.137,6.369,3121.617,852.45,2269.167
11001001002,6.573,6.963,6.401,1925.25,588.7,1336.55
11001001100,6.731,6.991,6.616,2445.883,747.483,1698.4
11001001200,6.237,6.618,6.081,2820.95,820.183,2000.767
11001001301,6.893,7.748,6.511,2219.25,684.933,1534.317
11001001302,5.701,6.659,5.414,4004.333,922.567,3081.767
11001001401,6.909,7.323,6.701,1853.883,618.133,1235.75
11001001402,7.106,7.632,6.843,1641.783,546.167,1095.617
11001001500,7.584,8.077,7.397,2549.9,703.217,1846.683
11001001600,8.007,8.736,7.588,2155.933,786.617,1369.317
11001001702,7.919,8.444,7.542,1889.25,790.25,1099
11001001803,7.12,6.741,8.067,2351.517,1679.267,672.25
11001001804,7.419,7.163,7.927,2726.15,1814.383,911.767
11001001901,7.686,7.849,7.485,2344.233,1292.017,1052.217
11001001902,8.138,8.452,7.817,1469.367,742.333,727.033
11001002001,7.289,7.333,7.229,1751.517,1017.45,734.067
11001002002,6.835,6.794,6.882,2368.467,1275.55,1092.917
11001002101,6.881,6.672,7.237,2961.4,1863.05,1098.35
11001002102,7.245,7.364,7.1,2662.317,1464.75,1197.567
11001002201,6.937,6.937,6.939,2159.183,1306.383,852.8
11001002202,7.086,6.884,7.362,1986.833,1149.317,837.517
11001002301,6.974,7.276,6.635,2039.283,1077.85,961.433
11001002302,8.446,8.849,8.027,1032.667,526.917,505.75
11001002400,6.439,6.733,6.127,2354.45,1212.217,1142.233
11001002501,6.782,6.866,6.675,1784.217,1003.067,781.15
11001002502,6.31,6.421,6.165,3332.433,1891.15,1441.283
11001002600,7.657,8.589,7.002,1538.467,635.25,903.217
11001002701,6.284,6.772,5.92,3406.867,1455.2,1951.667
11001002702,5.75,6.171,5.459,3420.55,1398.7,2021.85
11001002801,6.197,6.264,6.112,2466.217,1387.117,1079.1
11001002802,6.148,6.291,5.982,2609.617,1402.117,1207.5
11001002900,6.012,6.461,5.562,2733.533,1368.933,1364.6
11001003000,6.084,6.635,5.622,2321.017,1058.067,1262.95
11001003100,5.837,5.807,5.871,2199.283,1170.767,1028.517
11001003200,5.899,5.859,5.955,2881.083,1679.983,1201.1
11001003301,5.863,6.159,5.66,2181.433,888.467,1292.967
11001003302,6.044,6.638,5.588,1725.5,748.9,976.6
11001003400,6.561,6.979,6.164,1779,867.167,911.833
11001003500,5.959,5.685,6.287,1759.25,958.85,800.4
11001003600,5.172,5.329,5.042,3040.967,1385.8,1655.167
11001003700,5.334,5.299,5.364,3021.867,1399.05,1622.817
11001003800,5.065,5.164,5.01,3173.3,1144.617,2028.683
11001003900,5.658,7.086,4.952,3346.183,1107.167,2239.017
11001004001,6.011,8.168,5.163,2558.217,721.917,1836.3
11001004002,5.29,5.995,4.998,2169.9,636.017,1533.883
11001004100,5.683,6.812,5.178,1721.933,532.317,1189.617
11001004201,5.292,6.231,4.956,2624.967,692.4,1932.567
11001004202,5.256,6.121,4.915,2067.483,583.3,1484.183
11001004300,5.08,5.514,4.827,2421.583,893.567,1528.017
11001004400,4.807,5.659,4.507,3429.817,892.917,2536.9
11001004600,5.624,5.941,5.323,2149.667,1049.333,1100.333
11001004701,5.754,5.875,5.627,2160.933,1108.117,1052.817
11001004702,5.602,6.522,5.076,1562.8,568.4,994.4
11001004801,5.482,5.925,5.209,1818.05,694.033,1124.017
11001004802,5.483,5.495,5.472,2227.25,1048.433,1178.817
11001004901,5.769,5.95,5.621,1624.767,728.65,896.117
11001004902,5.364,5.935,5.005,2101.117,811.433,1289.683
11001005001,5.564,6.347,5.119,1539.4,557.783,981.617
11001005002,4.945,5.882,4.482,3444.4,1138.433,2305.967
11001005201,4.591,5.923,4.168,4027.95,971.15,3056.8
11001005301,4.868,6.322,4.427,3389.9,788.5,2601.4
11001005500,4.988,6.759,4.402,3376.45,839.317,2537.133
11001005600,6.795,7.591,6.337,2299.217,839.017,1460.2
11001005800,5.546,7.284,4.906,1985.883,535.017,1450.867
11001005900,6.26,6.877,5.873,1855.383,715.55,1139.833
11001006202,7.383,7.232,7.603,398.317,236.667,161.65
11001006400,7.361,6.896,8.191,1347.117,862.783,484.333
11001006500,6.931,8.917,6.021,1755.167,551.167,1204
11001006600,7.27,8.966,6.354,1429.933,501.267,928.667
11001006700,6.766,8.472,6.073,2408.8,696.083,1712.717
11001006801,7.252,7.7,6.917,1604.1,685.833,918.267
11001006802,6.927,7.728,6.453,1785.233,663.867,1121.367
11001006804,12.731,12.1,13.591,639.517,369.117,270.4
11001006900,7.051,8.339,6.423,1746.233,572.733,1173.5
11001007000,7.436,8.88,6.696,1694.55,574.8,1119.75
11001007100,7.246,7.663,6.89,1815.383,835.533,979.85
11001007200,6.351,7.961,5.618,2306.433,721.55,1584.883
11001007301,15.132,15.462,14.6,1161.617,716.85,444.767
11001007304,8.634,8.616,8.676,1747.033,1224.633,522.4
11001007401,8.101,7.914,8.775,1156.983,905.9,251.083
11001007403,8.555,8.411,8.939,1571.717,1141.05,430.667
11001007404,8.197,8.41,7.742,1819.567,1238.583,580.983
11001007406,8.396,8.41,8.36,1445.65,1028.017,417.633
11001007407,7.837,8.051,7.481,1658.75,1036.783,621.967
11001007408,8.864,8.872,8.842,1438.783,1037.383,401.4
11001007409,8.731,8.526,9.205,1781.933,1244.117,537.817
11001007502,8.598,8.777,8.243,1986.567,1322.083,664.483
11001007503,8.352,8.395,8.263,1360.583,911.667,448.917
11001007504,8.316,8.296,8.364,1280.333,906.65,373.683
11001007601,7.737,8.088,7.188,2201.817,1344.283,857.533
11001007603,8.596,9.48,7.649,2236.65,1157.583,1079.067
11001007604,8.224,8.789,7.501,2040.117,1144.5,895.617
11001007605,7.757,8.016,7.315,2038.6,1284.65,753.95
11001007703,8.178,8.252,8.02,2405.95,1644.433,761.517
11001007707,9.245,9.568,8.681,1865.667,1185.633,680.033
11001007708,8.074,7.885,8.508,1545.95,1078.267,467.683
11001007709,8.164,8.484,7.544,1348.183,888.317,459.867
11001007803,8.691,8.704,8.668,1846.05,1173.317,672.733
11001007804,9.746,9.892,9.431,1626.933,1112.933,514
11001007806,9.211,9.345,8.942,1414.833,943.733,471.1
11001007807,9.436,9.387,9.525,1270.967,816.3,454.667
11001007808,9.781,9.688,9.983,1860.417,1269.817,590.6
11001007809,8.818,8.87,8.71,1646.367,1112.583,533.783
11001007901,7.226,7.068,7.433,2082.2,1184.933,897.267
11001007903,7.442,7.486,7.393,1335.1,706.967,628.133
11001008001,6.784,7.493,6.386,2039.217,732.017,1307.2
11001008002,7.106,8.622,6.306,2102.767,726.167,1376.6
11001008100,7.205,8.902,6.462,2092.367,636.783,1455.583
11001008200,7.516,9.778,6.454,1839.817,587.6,1252.217
11001008301,7.255,8.698,6.523,1753.067,589.617,1163.45
11001008302,7.115,8.673,6.357,1686.2,551.867,1134.333
11001008402,7.272,7.957,6.828,1664.117,653.783,1010.333
11001008410,7.26,7.541,7.009,1382.6,651.45,731.15
11001008701,6.413,6.528,6.297,1882.817,944.8,938.017
11001008702,6.362,6.611,6.076,1376.35,735.917,640.433
11001008802,6.906,6.926,6.877,2234.317,1316.45,917.867
11001008803,8.386,7.543,10.084,1056.75,706.05,350.7
11001008804,7.851,7.792,7.966,1490.783,983.383,507.4
11001008903,7.532,7.237,8.062,1695.167,1088.967,606.2
11001008904,6.839,6.342,8.178,1783.05,1300.417,482.633
11001009000,8.287,9.031,7.646,1444.65,668.7,775.95
11001009102,6.904,6.84,7.011,2162.683,1354.333,808.35
11001009201,6.905,7.239,6.579,1366.083,673.767,692.317
11001009203,6.291,6.221,6.385,1881.867,1075.067,806.8
11001009204,6.97,6.873,7.159,1514.567,1003.133,511.433
11001009301,7.138,7.593,6.766,1936.65,870.583,1066.067
11001009302,7.182,7.122,7.249,1145.917,605.4,540.517
11001009400,7.552,7.822,7.306,2234.967,1066.467,1168.5
11001009501,7.46,6.942,8.207,2336.267,1379.85,956.417
11001009503,7.808,8.492,7.253,1735.9,776.25,959.65
11001009504,7.222,7.348,7.099,1902.95,937.15,965.8
11001009505,7.741,7.551,7.944,1671.4,864.083,807.317
11001009507,7.832,7.761,7.938,1166.383,696.683,469.7
11001009508,7.196,7.345,7.002,1857.483,1049.833,807.65
11001009509,7.485,7.92,7.058,1817.967,900.7,917.267
11001009601,8.969,9.008,8.888,1382.083,936.683,445.4
11001009602,8.577,8.393,9.072,1755.683,1279.333,476.35
11001009603,8.577,8.681,8.38,1885.85,1232.233,653.617
11001009604,8.413,8.884,7.652,1404.233,867.95,536.283
11001009700,9.483,9.663,9.168,1704.667,1083.417,621.25
11001009801,8.873,8.726,9.161,1064.017,705.083,358.933
11001009802,9.701,9.737,9.625,1061.317,717.567,343.75
11001009803,9.244,9.518,8.707,1550.65,1027.683,522.967
11001009804,8.746,8.838,8.565,1558.433,1032.417,526.017
11001009807,9.172,9.342,8.848,1768.417,1159.667,608.75
11001009810,9.351,9.238,9.693,1410.983,1062.483,348.5
11001009811,9.247,9.044,9.934,1994.967,1539.467,455.5
11001009901,8.974,10.427,7.454,1470.833,752.133,718.7
11001009902,8.723,9.072,8.232,1677.067,979.1,697.967
11001009903,9.373,9.6,9.027,1321.55,796.633,524.917
11001009904,9.195,9.29,9.007,1494.383,989.467,504.917
11001009905,9.467,9.404,9.598,1522.75,1028.4,494.35
11001009906,8.813,8.817,8.806,1103.033,681.633,421.4
11001009907,9.072,8.949,9.345,1466.583,1013.85,452.733
11001010100,5.438,6.65,4.835,2013.283,668.617,1344.667
11001010200,6.278,7.801,5.491,1894.067,645.083,1248.983
11001010300,7.984,7.829,8.187,1920.317,1090.817,829.5
11001010400,8.338,8.451,8.117,1886.3,1248.333,637.967
11001010500,6.468,7.275,5.864,2275.983,973.633,1302.35
11001010600,5.32,6.275,4.819,3294.567,1132.55,2162.017
11001010700,5.62,7.63,4.645,1731.833,565.55,1166.283
11001010800,10.017,9.587,10.368,1303.4,585.95,717.45
11001010900,10.03,9.968,10.2,1549.433,1136.683,412.75
11001011000,7.084,8.311,6.406,2276.4,810.3,1466.1
11001011100,7.342,7.513,7.157,2358.433,1221.117,1137.317
24009860101,20.041,18.453,21.192,1223.183,513.85,709.333
24009860102,21.375,19.666,22.798,1175.967,534.217,641.75
24009860200,20.276,18.368,21.748,2028.55,883.3,1145.25
24009860300,23.607,21.573,25.182,1547.8,675.517,872.283
24009860401,22.468,19.149,25.257,3088.067,1410.1,1677.967
24009860402,24.109,20.78,27.355,1410.65,696.5,714.15
24009860501,23.584,20.158,26.337,2199.2,979.683,1219.517
24009860502,27.103,23.7,30.16,1283.667,607.483,676.183
24009860600,21.419,18.841,23.488,2451.4,1091.733,1359.667
24009860701,24.58,21.982,26.849,1137.933,530.517,607.417
24009860702,24.949,21.323,28.646,1256.517,634.383,622.133
24009860703,25.742,22.688,28.796,1495.65,747.783,747.867
24009860801,27.588,24.613,30.017,2419.85,1087.55,1332.3
24009860802,28.264,25.168,30.981,1884.083,880.667,1003.417
24009860900,34.418,30.776,37.965,2375.467,1171.95,1203.517
24009861001,36.396,33.245,38.962,659.967,296.233,363.733
24009861003,36.725,32.113,41.019,2153.033,1038.2,1114.833
24009861004,36.161,31.609,40.504,2273.85,1110.133,1163.717
24009990100,28.496,29.374,26.739,79.25,52.833,26.417
24017850101,18.02,17.564,18.391,2792.617,1252.783,1539.833
24017850102,20.776,20.006,21.582,1521.067,777.417,743.65
24017850201,25.02,24.463,25.715,758.367,420.967,337.4
24017850202,20.809,19.994,21.698,2359.133,1230.9,1128.233
24017850300,23.239,21.973,24.611,1321.917,687.433,634.483
24017850400,28.625,27.23,30.202,1904.483,1010.833,893.65
24017850500,25.325,24.75,25.873,1688.217,823.3,864.917
24017850600,22.154,21.146,23.007,2369.7,1086.233,1283.467
24017850706,19.21,18.221,19.902,2595.533,1069.25,1526.283
24017850708,17.973,16.689,18.975,2720.333,1192.517,1527.817
24017850709,18.877,17.24,20.312,3284.217,1534.317,1749.9
24017850710,19.293,18.344,20.007,2572.517,1104.183,1468.333
24017850711,19.343,18.126,20.351,2635.617,1193.533,1442.083
24017850712,20.313,19.542,20.82,2811.05,1113.633,1697.417
24017850713,18.873,17.983,19.466,3344.383,1335.25,2009.133
24017850801,19.519,18.509,20.388,2503.7,1157.033,1346.667
24017850802,20.541,19.106,21.936,2317.533,1142.567,1174.967
24017850901,19.295,17.309,21.677,2729.967,1488.783,1241.183
24017850902,20.127,18.001,22.266,2731.883,1370.417,1361.467
24017850904,22.813,21.686,23.557,2951.433,1173.533,1777.9
24017850905,20.838,19.452,21.982,2431.483,1099.667,1331.817
24017850906,20.751,18.965,22.785,2431.7,1294.7,1137
24017851001,22.484,21.879,23.038,1722.233,822.833,899.4
24017851002,18.906,17.009,20.649,3941.367,1887.617,2053.75
24017851100,25.17,24.594,25.787,1563,808.517,754.483
24017851200,32.082,30.247,33.869,2131.733,1051.733,1080
24017851301,27.258,26.976,27.468,2160.483,923.3,1237.183
24017851302,24.712,23.41,25.718,2059.05,897.133,1161.917
24017851400,23.947,22.152,25.242,3591.1,1505.283,2085.817
24017851500,20.154,18.918,21.018,3793.267,1561.667,2231.6
24017990000,32.984,32.652,33.497,412.833,250.733,162.1
24021740200,21.044,17.63,23.972,2303.75,1063.8,1239.95
24021750100,21.473,19.088,23.913,1055.117,533.433,521.683
24021750200,19.368,16.653,21.711,1136.633,526.467,610.167
24021750300,21.508,17.937,26.05,1092.3,611.45,480.85
24021750503,21.712,17.736,27.119,2834.183,1633.067,1201.117
24021750504,21.428,17.546,25.689,2393.55,1252.317,1141.233
24021750505,21.17,17.35,26.427,2757.867,1597.15,1160.717
24021750506,21.975,17.784,26.489,2001.433,1037.95,963.483
24021750600,21.221,18.757,23.09,1320.683,569.517,751.167
24021750701,20.76,17.267,23.939,2610.083,1243.7,1366.383
24021750702,20.78,16.949,24.934,1786.617,929.417,857.2
24021750801,20.426,16.698,23.733,1637.917,769.967,867.95
24021750802,21.049,17.979,23.353,2048.8,878.45,1170.35
24021750803,19.479,16.63,21.852,2897.433,1316.75,1580.683
24021751001,22.5,21.108,23.638,774.767,348.383,426.383
24021751002,19.963,16.594,22.8,2620.067,1197.667,1422.4
24021751003,19.805,16.6,22.95,2424.867,1200.883,1223.983
24021751004,20.962,17.393,23.818,2098.517,932.917,1165.6
24021751201,22.212,19.727,24.111,2064.267,894.5,1169.767
24021751202,21.948,18.941,24.23,2730,1178.05,1551.95
24021751203,23.625,20.556,26.12,1169.35,524.25,645.1
24021751301,24.64,21.054,27.591,1643.267,741.617,901.65
24021751302,25.78,21.774,29.603,1675.733,818.2,857.533
24021751600,26.94,23.87,29.887,1466.917,718.55,748.367
24021751701,21.761,18.89,24.262,1386.117,645.45,740.667
24021751702,25.37,22.488,27.78,1682.467,766.333,916.133
24021751801,21.85,20.035,23.058,1915.95,765.45,1150.5
24021751802,23.004,20.73,24.717,1702.633,731.417,971.217
24021751901,20.99,18.786,22.518,1956.333,800.983,1155.35
24021751902,20.036,17.596,21.727,2557.167,1047.117,1510.05
24021751903,19.965,18.094,21.334,2704.917,1142.95,1561.967
24021751904,20.453,17.939,22.168,1647.1,667.967,979.133
24021752001,21.867,19.795,23.267,2054.983,828.533,1226.45
24021752101,18.642,17.771,19.257,1760.083,727.817,1032.267
24021752102,19.16,17.048,20.738,2168.6,927.017,1241.583
24021752201,18.439,16.872,19.698,1498.65,667.733,830.917
24021752202,20.698,20.365,20.892,1700.733,627.283,1073.45
24021752204,20.08,18.832,20.755,2538.933,890.85,1648.083
24021752301,20.399,18.15,22.322,2131.083,982.25,1148.833
24021752302,21.185,19.695,22.203,1932.033,784.2,1147.833
24021752303,21.86,19.994,23.206,1583.75,663.883,919.867
24021752501,24.229,20.348,27.131,2467.15,1055.617,1411.533
24021752502,22.952,20.856,24.569,1451.083,631.967,819.117
24021752601,23.751,19.542,26.966,2068.9,896.017,1172.883
24021752602,23.404,20.083,25.94,1445.333,625.833,819.5
24021752603,23.132,20.718,24.9,1925.133,813.917,1111.217
24021752801,30.712,26.586,34.065,1260.417,565.1,695.317
24021752802,29.592,26.735,31.76,1727.067,745.2,981.867
24021752900,32.166,27.473,36.872,1494.233,748.117,746.117
24021753001,26.681,22.179,31.155,2345.433,1169.1,1176.333
24021753002,28.507,23.707,33.45,1537.35,779.983,757.367
24021765100,19.32,15.556,24.069,2069.833,1154.733,915.1
24021766800,33.651,27.318,40.013,1952.283,978.35,973.933
24021767500,30.269,25.658,35.013,1499.617,760.433,739.183
24021767600,24.158,20.502,27.935,1692.083,859.717,832.367
24021770700,25.247,21.488,28.379,1912.25,869.15,1043.1
24021772200,20.741,16.565,25.959,1093.567,607.417,486.15
24021773500,21.467,17.712,25.211,2163.65,1080.2,1083.45
24021775302,26.167,22.497,29.448,1892.483,893.3,999.183
24021775400,24.041,20.775,27.415,1982.067,1007.35,974.717
24021775600,22.08,19.947,23.582,1777.183,734.117,1043.067
24031700101,16.079,15.908,16.188,2449.8,955.083,1494.717
24031700103,16.488,16.058,16.747,2993.133,1123.683,1869.45
24031700104,14.321,13.997,14.59,2804.6,1268.35,1536.25
24031700105,13.378,12.819,13.858,3215.1,1485.567,1729.533
24031700204,21.234,21.248,21.221,1472.733,730.65,742.083
24031700205,16.093,15.933,16.185,3779.5,1385.217,2394.283
24031700206,17.113,16.79,17.32,3314.333,1296.3,2018.033
24031700207,18.243,17.783,18.617,3055.617,1370.033,1685.583
24031700208,19.83,20.315,19.414,1545.717,713.45,832.267
24031700304,15.17,15.265,15.103,3613.417,1488.4,2125.017
24031700306,14.627,14.828,14.479,3633.867,1543.533,2090.333
24031700308,15.176,15.404,15.021,3144.567,1268.933,1875.633
24031700309,14.602,14.023,15.115,2771.183,1301.05,1470.133
24031700310,14.733,14.311,15.069,2881.683,1277.95,1603.733
24031700311,17.291,17.082,17.4,3804.7,1298.117,2506.583
24031700312,18.627,18.596,18.645,2952.783,1098.283,1854.5
24031700400,19.356,19.033,19.656,1538.9,742.35,796.55
24031700500,18.366,17.483,18.939,3440.033,1353.733,2086.3
24031700604,14.055,14.361,13.904,3310.683,1092,2218.683
24031700606,11.79,12.198,11.578,2336.083,797.867,1538.217
24031700607,11.086,11.382,10.937,3710.967,1246.55,2464.417
24031700608,12.653,13.371,12.307,2836.4,923.083,1913.317
24031700610,13.353,13.316,13.381,1381.183,576.583,804.6
24031700611,15.859,16.108,15.727,2952.083,1023.167,1928.917
24031700613,14.533,14.76,14.401,3511.9,1295.917,2215.983
24031700614,13.98,14.083,13.892,3433.183,1574.217,1858.967
24031700615,12.753,13.075,12.572,1825.333,657.217,1168.117
24031700616,12.227,12.057,12.325,2452.017,896.433,1555.583
24031700704,12.007,11.315,12.756,1648.85,857.15,791.7
24031700706,12.853,11.985,13.658,2136.317,1028.167,1108.15
24031700710,11.717,10.728,12.723,3195.2,1611.133,1584.067
24031700711,11.758,10.899,12.494,2886.917,1331.7,1555.217
24031700713,12.702,11.154,14.969,2536.3,1507.283,1029.017
24031700715,13.082,12.342,13.837,2917.05,1472.35,1444.7
24031700716,12.174,11.594,12.708,3758.6,1800.783,1957.817
24031700717,11.189,10.128,12.481,3205.817,1759.75,1446.067
24031700718,11.994,12.593,11.685,1996.117,678.183,1317.933
24031700719,11.814,10.81,13.209,3343.2,1944.383,1398.817
24031700720,12.883,12.296,13.483,1905.5,963.483,942.017
24031700721,13.38,12.582,14.173,1522.45,759.25,763.2
24031700722,12.846,12.045,13.666,2258.45,1141.517,1116.933
24031700723,13.886,12.417,15.449,1610.017,829.75,780.267
24031700724,12.491,11.146,14.658,1764.7,1088.783,675.917
24031700810,13.993,13.074,14.804,2649.467,1241.217,1408.25
24031700811,13.761,12.723,14.874,2341.583,1210.917,1130.667
24031700812,13.351,12.557,14.161,2137.683,1079.583,1058.1
24031700813,13.214,12.152,14.309,2745.033,1393.2,1351.833
24031700815,13.428,12.705,14.128,3612.783,1776.633,1836.15
24031700816,11.131,10.881,11.349,3692.117,1721,1971.117
24031700817,11.24,12.051,10.798,2664.4,939.767,1724.633
24031700818,13.881,12.884,14.951,3081.2,1594.733,1486.467
24031700819,13.48,13.103,13.8,3315,1521.017,1793.983
24031700820,13.905,13.423,14.432,1611.3,841.983,769.317
24031700822,13.064,12.62,13.526,1193.983,609.033,584.95
24031700823,12.661,12.437,12.815,1960.183,799.633,1160.55
24031700824,12.875,13.757,12.407,1788.133,620.083,1168.05
24031700826,12.178,13.546,11.648,2657.1,741.883,1915.217
24031700828,12.213,12.229,12.205,1559.033,534.717,1024.317
24031700829,11.945,12.751,11.563,1772.317,570.167,1202.15
24031700830,15.403,15.126,15.664,1342.3,649.817,692.483
24031700832,13.496,12.449,14.742,1774.017,963.767,810.25
24031700833,13.975,13.245,14.624,2086.15,982.133,1104.017
24031700834,14.003,13.351,14.645,2583,1281.883,1301.117
24031700835,14.608,14.062,15.072,2509.783,1152.267,1357.517
24031700901,10.316,10.375,10.273,2064.017,866.267,1197.75
24031700902,10.16,9.278,11.159,2063.317,1095.65,967.667
24031700903,10.842,10.427,11.304,1267.383,667.833,599.55
24031700904,9.948,9.906,9.985,1409.517,649.8,759.717
24031700905,10.591,11.604,10.018,1785.45,645.7,1139.75
24031701001,9.953,10.033,9.896,2626.133,1082.417,1543.717
24031701002,11.006,11.881,10.551,1801.25,616.2,1185.05
24031701004,10.67,10.593,10.713,2477.3,897.75,1579.55
24031701005,10.2,10.698,9.93,1911.967,672.2,1239.767
24031701006,10.528,11.401,10.125,2601.95,821.267,1780.683
24031701007,10.803,11.558,10.379,1728.367,621.583,1106.783
24031701101,9.809,9.217,10.374,2445.917,1195.4,1250.517
24031701102,9.315,8.607,10.04,3071.4,1553.967,1517.433
24031701201,9.074,8.782,9.35,3203.25,1554.033,1649.217
24031701202,9.724,10.209,9.469,1649.083,567.55,1081.533
24031701205,9.128,9.595,8.917,3142.35,979.917,2162.433
24031701206,10.037,9.961,10.073,2925.617,947.517,1978.1
24031701210,11.084,11.568,10.823,1910.75,670.05,1240.7
24031701211,10.562,10.55,10.568,2872.383,1073.133,1799.25
24031701212,12.695,12.987,12.503,1860.983,740.283,1120.7
24031701213,9.132,9.728,8.893,3216.9,919.8,2297.1
24031701214,9.428,10.068,9.125,2153.3,691.167,1462.133
24031701215,9.297,9.868,9.042,2576.3,794.1,1782.2
24031701216,9.986,10.609,9.669,2035.817,688,1347.817
24031701218,10.148,10.568,9.876,1674.317,658.317,1016
24031701219,10.226,9.997,10.493,1821.033,980.533,840.5
24031701220,10.757,11.512,10.386,2087.75,687.417,1400.333
24031701221,11.489,12.33,11.054,2208.8,753.7,1455.1
24031701303,11.547,12.06,11.243,2047.317,761.1,1286.217
24031701304,13.637,12.937,14.099,3228.9,1283.267,1945.633
24031701306,13.29,13.083,13.421,2011.333,783.283,1228.05
24031701307,13.683,13.971,13.5,2271.483,882.283,1389.2
24031701308,13.308,13.602,13.115,1929.167,765.45,1163.717
24031701312,13.093,12.518,13.486,3459.433,1404.217,2055.217
24031701313,12.922,12.866,12.965,2424.95,1062.5,1362.45
24031701314,13.801,13.757,13.836,2024.767,898.483,1126.283
24031701315,13.61,13.129,13.94,2719.383,1105.467,1613.917
24031701316,14.246,13.787,14.554,2870.933,1152.633,1718.3
24031701317,15.624,15.348,15.809,2466.6,987.917,1478.683
24031701407,12.331,12.343,12.323,2890.867,1189.883,1700.983
24031701408,13.268,12.845,13.577,2843.35,1199,1644.35
24031701409,12.999,13.02,12.985,2292.383,911.433,1380.95
24031701410,13.827,13.269,14.344,3649.033,1756.567,1892.467
24031701414,11.607,11.187,12.013,3440.65,1688.45,1752.2
24031701415,11.758,11.232,12.248,3587.783,1731.367,1856.417
24031701417,12.582,12.293,12.822,2981.867,1352.183,1629.683
24031701418,12.295,11.975,12.574,1973.283,918.683,1054.6
24031701420,12.511,11.929,13.142,2456.083,1277.217,1178.867
24031701421,11.238,10.716,11.915,1076.417,607.483,468.933
24031701422,12.84,11.802,14.632,1711.217,1083.3,627.917
24031701423,13.439,12.992,13.946,2376.783,1264.65,1112.133
24031701503,11.084,11.043,11.124,3235.217,1593.35,1641.867
24031701505,10.154,9.972,10.348,3374.183,1737.483,1636.7
24031701506,10.996,11.016,10.981,2707.833,1184.8,1523.033
24031701507,11.927,11.756,12.045,2560.25,1044.7,1515.55
24031701508,10.839,10.133,11.803,2088.017,1205.767,882.25
24031701509,10.219,9.546,11.395,3174.45,2019.1,1155.35
24031701601,10.033,9.532,10.81,1292.617,786.7,505.917
24031701602,9.928,9.382,11.201,2627.533,1838.95,788.583
24031701701,8.396,8.596,8.255,2171.55,897.083,1274.467
24031701702,9.236,8.795,9.852,1588.5,924.933,663.567
24031701703,8.761,8.517,9.014,2134.167,1083.633,1050.533
24031701704,8.804,9.298,8.438,1890.517,805.45,1085.067
24031701800,8.237,7.919,8.554,2872.75,1432.867,1439.883
24031701900,9.352,9.368,9.331,1756.55,996.617,759.933
24031702000,9.5,8.878,10.988,2404.033,1694.867,709.167
24031702101,9.436,8.852,10.512,2792.6,1809.783,982.817
24031702102,9.816,10.365,9.522,1931.283,673.417,1257.867
24031702200,9.405,10.158,8.936,2424.583,931.6,1492.983
24031702301,9.27,8.945,9.719,2019.05,1172.933,846.117
24031702302,8.855,8.773,8.946,2607.233,1375.683,1231.55
24031702401,9.066,9.495,8.76,1805.083,751.567,1053.517
24031702402,8.388,8.361,8.415,2811.333,1399.75,1411.583
24031702500,7.933,8.516,7.543,3345.717,1342.633,2003.083
24031702601,8.128,8.847,7.69,2692.483,1020.267,1672.217
24031702602,8.445,8.583,8.329,2865.017,1309.55,1555.467
24031702700,8.548,8.899,8.227,3324.983,1588.4,1736.583
24031702800,8.793,9.849,8.263,2894.017,966.183,1927.833
24031702900,9.056,10.254,8.431,2867.9,984.15,1883.75
24031703000,9.933,10.137,9.801,1444.05,569.05,875
24031703100,9.802,9.908,9.71,2429.583,1137.75,1291.833
24031703201,9.894,9.709,10.062,3510.283,1674.633,1835.65
24031703202,10.623,10.926,10.415,2817.2,1145.833,1671.367
24031703206,10.758,10.413,11.057,2135.05,990.317,1144.733
24031703207,10.869,10.22,11.911,2434.667,1500.1,934.567
24031703208,10.448,10.369,10.507,2571.717,1099,1472.717
24031703209,10.251,10.138,10.371,2756.467,1423.267,1333.2
24031703210,10.14,9.89,10.385,1973.317,978.033,995.283
24031703212,10.963,10.949,10.976,3996.317,1881.117,2115.2
24031703213,11.179,10.589,12.25,2817.017,1815.25,1001.767
24031703214,11.022,10.348,12.206,2977.7,1898,1079.7
24031703215,11.605,11.22,12.041,1785.883,948.1,837.783
24031703216,12.112,11.768,12.619,1703.917,1015.717,688.2
24031703218,14.438,13.724,15.248,763.55,405.7,357.85
24031703219,14.788,14.305,15.379,1064.533,585.533,479
24031703220,11.41,10.941,11.926,2528.417,1325.333,1203.083
24031703221,12.052,11.462,12.554,2733.333,1256.15,1477.183
24031703301,9.944,9.588,10.46,2550.6,1510.033,1040.567
24031703302,10.349,9.946,11.027,2226.983,1396.917,830.067
24031703401,10.127,9.571,11,2695.65,1646.733,1048.917
24031703402,10.528,10.056,11.204,2091.833,1231.783,860.05
24031703403,10.317,9.893,11.034,1955.75,1229.6,726.15
24031703404,10.178,9.819,11.049,1728.733,1223.45,505.283
24031703501,9.59,9.184,10.316,3147.317,2018.767,1128.55
24031703502,9.424,9.583,9.286,1705.8,792.283,913.517
24031703601,9.639,9.627,9.65,2493.05,1191.9,1301.15
24031703602,9.388,10.067,8.966,1843.183,706.683,1136.5
24031703701,10.167,9.7,10.951,2171.617,1359.833,811.783
24031703702,9.884,9.492,10.386,2301.1,1291.317,1009.783
24031703800,9.678,9.57,9.793,1978.717,1024.767,953.95
24031703901,9.626,10.335,9.172,1984.4,774.95,1209.45
24031703902,9.672,9.723,9.62,3327.517,1690.417,1637.1
24031704000,9.183,9.169,9.195,3515.117,1684.333,1830.783
24031704100,9.368,10.511,8.767,2370.417,817.2,1553.217
24031704200,9.84,10.128,9.642,1296.033,526.733,769.3
24031704300,9.139,10.424,8.585,2090.733,629.833,1460.9
24031704401,9.66,10.585,9.181,1849.05,631.45,1217.6
24031704403,9.998,10.652,9.631,1155.233,414.75,740.483
24031704404,8.816,9.743,8.402,2568.217,793.5,1774.717
24031704501,9.469,9.74,9.32,2026.967,720.517,1306.45
24031704502,9.817,10.456,9.465,1576.167,559.2,1016.967
24031704503,9.029,9.94,8.611,2069.917,651.1,1418.817
24031704600,8.725,9.541,8.429,2594.85,691.733,1903.117
24031704700,8.528,9.054,8.258,1926.717,652.85,1273.867
24031704803,7.909,8.243,7.718,2404.117,873.267,1530.85
24031704804,8.744,9.836,8.122,1233.617,447.417,786.2
24031704805,8.949,10.103,8.326,1337.967,469.1,868.867
24031704806,7.891,8.67,7.535,2052.317,644.033,1408.283
24031705000,8.74,9.369,8.48,2165.417,633.567,1531.85
24031705100,8.83,9.649,8.464,2310.3,713.933,1596.367
24031705200,8.458,9.566,7.963,1789.017,551.667,1237.35
24031705300,8.906,9.93,8.231,1187.15,471.5,715.65
24031705400,8.416,9.273,8.003,1640.983,532.75,1108.233
24031705501,9.145,9.889,8.716,1337.733,488.917,848.817
24031705502,8.809,9.942,8.277,1837.433,587.65,1249.783
24031705601,8.6,10.024,7.941,1719.483,544.233,1175.25
24031705602,8.286,9.213,7.852,2161.25,688.133,1473.117
24031705701,8.813,9.309,8.579,2289.383,731.633,1557.75
24031705702,9.073,10.299,8.508,2020.933,638.25,1382.683
24031705800,9.004,9.904,8.616,2846.617,857.067,1989.55
24031705901,9.992,10.834,9.595,1975.45,632.967,1342.483
24031705902,9.566,10.355,9.161,2030.883,689.033,1341.85
24031705903,9.268,10.374,8.732,2182.717,712.1,1470.617
24031706005,10.73,10.976,10.614,2000.35,644.75,1355.6
24031706007,11.59,11.8,11.494,3145.933,980.733,2165.2
24031706008,11.619,12.095,11.407,2381.2,735.367,1645.833
24031706009,10.727,11.298,10.438,2427.9,816.283,1611.617
24031706010,10.447,10.445,10.447,1737.883,672.517,1065.367
24031706011,10.413,11.006,10.142,2583.917,811.083,1772.833
24031706012,10.337,11.019,9.794,1819.083,805.95,1013.133
24031706013,10.337,11.255,9.822,1567.033,562.8,1004.233
24033800102,15.68,14.827,16.51,1584.583,781.683,802.9
24033800103,15.92,14.72,17.667,1310.683,776.75,533.933
24033800105,15.288,14.894,15.62,2002.267,914.833,1087.433
24033800106,15.036,14.937,15.106,1732.683,724.267,1008.417
24033800108,15.751,15.187,16.313,1906.3,951.483,954.817
24033800109,15.522,14.657,16.688,1818.517,1044.1,774.417
24033800203,14.828,14.951,14.739,2108.4,887.333,1221.067
24033800206,15.506,15.081,15.924,2147.833,1065.833,1082
24033800208,14.825,14.664,14.948,3343.067,1451.483,1891.583
24033800209,15.949,15.064,17.353,1950.817,1196.067,754.75
24033800210,15.167,14.604,15.919,1712.2,979.633,732.567
24033800211,16.517,16.096,16.955,1565.45,797.917,767.533
24033800212,14.832,14.879,14.797,1903.483,810.9,1092.583
24033800213,15.083,15.01,15.138,2444.3,1047.75,1396.55
24033800214,15.363,14.925,15.839,1584.833,825.767,759.067
24033800215,14.853,14.244,15.41,1658.033,791.35,866.683
24033800401,18.645,18.499,18.738,1470.4,572.1,898.3
24033800402,17.186,17.026,17.295,2364.35,958.25,1406.1
24033800403,17.375,16.927,17.65,1947.767,739.983,1207.783
24033800408,13.827,13.422,14.121,3384.183,1425.217,1958.967
24033800409,15.62,15.68,15.579,3123.05,1277.433,1845.617
24033800410,16.841,16.902,16.798,2749.233,1143.2,1606.033
24033800411,14.724,14.774,14.685,2299.883,1009.8,1290.083
24033800412,12.502,11.993,13.106,2314.65,1256.233,1058.417
24033800413,13.279,12.692,14.069,2327.433,1336.417,991.017
24033800504,18.334,17.492,18.935,2207.517,918.267,1289.25
24033800505,17.809,17.381,18.116,1600.95,667.967,932.983
24033800507,18.304,17.988,18.504,1743.217,675.983,1067.233
24033800509,15.34,14.952,15.577,4163.75,1579.533,2584.217
24033800511,17.06,16.483,17.464,2594.283,1069.117,1525.167
24033800513,16.146,15.87,16.339,2868.683,1178.1,1690.583
24033800514,15.193,15.374,15.082,2341.767,889.433,1452.333
24033800515,16.813,16.254,17.172,2208.683,862.65,1346.033
24033800516,17.384,17.231,17.485,2072.2,823.1,1249.1
24033800517,15.204,15.323,15.126,2763.85,1091.017,1672.833
24033800518,15.709,16.24,15.396,1755.417,651.883,1103.533
24033800519,17.776,17.395,18.021,2240.417,875.483,1364.933
24033800520,17.468,17.316,17.555,1487.917,545.183,942.733
24033800601,18.639,17.497,19.679,1322.033,630.133,691.9
24033800604,18.767,18.283,19.14,1273.767,554.65,719.117
24033800605,18.358,18.244,18.431,2422.233,949.467,1472.767
24033800606,16.757,17.147,16.543,2714.583,962.367,1752.217
24033800607,15.553,15.616,15.511,3123.117,1252.683,1870.433
24033800608,17.382,17.691,17.217,1912.333,666.533,1245.8
24033800701,14.709,15.257,14.384,2943.433,1095.933,1847.5
24033800704,18.041,18.217,17.92,2728.217,1108.933,1619.283
24033800705,18.775,19.628,18.204,2404.767,963.1,1441.667
24033800706,16.462,16.978,16.12,2148.4,856.733,1291.667
24033800707,16.514,16.407,16.599,1802.883,795.933,1006.95
24033800800,21.263,21.533,21.047,2123.017,941.55,1181.467
24033800900,25.806,25.431,26.207,1248.6,645.083,603.517
24033801003,19.288,19.151,19.397,2092.517,926.083,1166.433
24033801004,17.538,17.944,17.238,2386.483,1014.217,1372.267
24033801005,16.89,17.002,16.814,2312.65,941.617,1371.033
24033801006,17.161,17.461,16.928,2298.65,1006.3,1292.35
24033801104,19.925,18.881,21.372,1051.1,610.5,440.6
24033801207,16.099,16.061,16.129,2541.2,1110.167,1431.033
24033801208,15.945,15.89,15.988,2237.183,985.85,1251.333
24033801209,16.093,16.022,16.154,2551.333,1168.333,1383
24033801210,14.493,14.916,14.108,2427.2,1156.067,1271.133
24033801211,13.865,13.541,14.148,1960.467,911.283,1049.183
24033801212,13.81,13.578,14.037,1894.533,936.867,957.667
24033801213,13.803,13.717,13.886,2224.617,1093.7,1130.917
24033801214,15.239,15.456,15.032,2208.117,1074.633,1133.483
24033801215,16.024,16.227,15.85,1676.367,772.033,904.333
24033801216,15.412,15.214,15.595,2102.6,1010.85,1091.75
24033801217,15.085,15.176,15.01,2061.483,932.683,1128.8
24033801302,17.602,17.682,17.532,1738.15,811.233,926.917
24033801305,13.574,13.796,13.395,3000.167,1340.9,1659.267
24033801307,14.373,14.667,14.14,2103.867,930.467,1173.4
24033801308,15.696,15.713,15.682,2179.417,976.983,1202.433
24033801309,15.827,16.33,15.487,2009.667,811.2,1198.467
24033801310,18.03,17.95,18.085,3321.267,1345.533,1975.733
24033801311,16.272,16.615,16.035,3006.95,1225.283,1781.667
24033801312,16.03,16.364,15.749,2088.533,953.75,1134.783
24033801313,14.784,14.808,14.762,1833.017,864.667,968.35
24033801404,12.248,12.271,12.224,2579.65,1316.367,1263.283
24033801405,12.141,12.206,12.05,2282.167,1336.9,945.267
24033801406,12.635,12.92,12.357,2051.133,1011.983,1039.15
24033801407,12.793,12.834,12.755,3229.483,1552.567,1676.917
24033801408,12.414,12.418,12.41,2028.333,973.017,1055.317
24033801409,12.574,12.527,12.625,1731.867,904.233,827.633
24033801410,13.478,13.952,13.062,2055.883,960.15,1095.733
24033801411,12.675,12.462,12.864,2053.25,962.183,1091.067
24033801500,10.951,11.468,10.249,1674.2,964.117,710.083
24033801600,10.6,10.54,10.714,1664.283,1086.35,577.933
24033801701,12.214,12.724,11.634,2283.883,1214.483,1069.4
24033801702,11.786,12.137,11.346,2073.567,1154.95,918.617
24033801704,10.413,10.729,9.967,2641.567,1545.55,1096.017
24033801706,11.024,11.287,10.651,1333.033,781.883,551.15
24033801707,11.019,11.071,10.932,2737.583,1706.15,1031.433
24033801708,11.363,11.644,10.973,2009.167,1167.817,841.35
24033801801,11.074,11.11,11.019,1392.55,850.8,541.75
24033801802,10.662,11.197,9.922,2141.8,1242.767,899.033
24033801804,10.474,10.923,9.949,1360.1,733.9,626.2
24033801805,10.129,10.015,10.306,1754.567,1068.7,685.867
24033801807,10.035,10.466,9.464,2491.55,1420.317,1071.233
24033801808,10.553,11.036,9.854,2039.583,1205.583,834
24033801901,12.527,13.434,11.635,2574.033,1276.483,1297.55
24033801904,13.321,13.531,13.032,1940.917,1123.817,817.1
24033801905,11.95,13.155,10.906,2598.517,1206.8,1391.717
24033801906,13.124,12.985,13.329,1486.717,885.667,601.05
24033801907,11.599,11.998,11.079,1927.633,1090.817,836.817
24033801908,10.479,10.464,10.501,2032.6,1222.883,809.717
24033802001,11.05,11.162,10.879,2766.217,1672.433,1093.783
24033802002,11.213,11.877,10.451,2105.633,1124.783,980.85
24033802103,11.974,12.622,11.257,1970.183,1034.65,935.533
24033802104,12.94,13.208,12.525,1450.617,881.667,568.95
24033802106,12.622,12.733,12.449,2159.017,1311.517,847.5
24033802107,11.793,11.864,11.688,2162.583,1284.367,878.217
24033802201,13.847,13.449,14.229,1322.233,647.533,674.7
24033802203,12.433,12.725,12.044,2428.267,1386.967,1041.3
24033802204,11.892,12.203,11.591,3122.983,1534.317,1588.667
24033802301,11.742,12.226,11.125,2173.6,1217.4,956.2
24033802404,11.134,10.895,11.529,2224.5,1386.167,838.333
24033802405,11.029,11.515,10.392,2286.3,1297.117,989.183
24033802406,11.555,11.5,11.644,1565.033,965.717,599.317
24033802407,10.937,11.282,10.519,2074.95,1137.517,937.433
24033802408,10.552,11.045,9.905,1481.717,840.633,641.083
24033802501,10.509,10.697,10.244,1973.167,1155.5,817.667
24033802502,10.727,10.996,10.348,1543.55,904.167,639.383
24033802600,10.634,10.678,10.559,1845.3,1150.35,694.95
24033802700,10.728,10.679,10.805,1632.4,991.35,641.05
24033802803,11.157,11.329,10.945,2515.233,1386.183,1129.05
24033802804,11.729,11.946,11.465,2707.233,1485.167,1222.067
24033802805,11.534,11.661,11.361,2439.3,1403.133,1036.167
24033802901,11.102,11.09,11.119,2025.55,1214.3,811.25
24033803001,10.386,10.714,9.933,1799.467,1042.5,756.967
24033803002,10.77,10.883,10.618,1678.3,962.8,715.5
24033803100,10.324,10.245,10.446,1597.4,972.633,624.767
24033803200,10.584,10.336,11.052,1755.983,1148.217,607.767
24033803300,10.863,10.948,10.742,2346.317,1376.967,969.35
24033803401,11.712,10.969,13.259,1028.333,694.967,333.367
24033803402,11.488,11.193,11.989,2277.617,1434.833,842.783
24033803508,12.285,11.893,12.864,2110.967,1259.167,851.8
24033803509,11.131,10.54,12.476,1701.367,1182.133,519.233
24033803512,13.167,13.214,13.132,3280.617,1411.983,1868.633
24033803513,13.371,13.049,13.615,2724.017,1172.867,1551.15
24033803514,12.707,13.226,12.37,2626.383,1033.317,1593.067
24033803516,13.663,13.729,13.619,2560.95,1024.867,1536.083
24033803519,11.996,12.7,11.334,2624.617,1273.15,1351.467
24033803520,13.654,13.786,13.559,2363.5,990.883,1372.617
24033803521,13.19,13.108,13.247,2342.1,953.583,1388.517
24033803522,13.728,13.406,13.954,2170.467,892.617,1277.85
24033803523,13.685,13.207,14.016,2126.517,870.1,1256.417
24033803524,11.156,11.354,10.932,2086.883,1109.85,977.033
24033803525,11.915,11.833,12.018,1545.717,863.233,682.483
24033803526,14.181,13.833,14.446,2122.267,918.167,1204.1
24033803527,13.694,13.02,14.236,1880.65,838.533,1042.117
24033803601,12.614,11.882,13.327,2002.633,988.767,1013.867
24033803602,11.695,11.47,12.077,1261.467,794.7,466.767
24033803605,11.198,11.152,11.263,3121,1817.683,1303.317
24033803606,12.116,11.556,12.837,2734.75,1539.917,1194.833
24033803607,12.998,12.443,13.562,1919.567,967.033,952.533
24033803608,12.543,11.932,13.289,2746.4,1509.367,1237.033
24033803610,11.895,11.745,12.13,1835.05,1117.483,717.567
24033803612,11.33,11.202,11.547,1992.417,1252.65,739.767
24033803613,10.722,10.379,11.35,2804.533,1812.883,991.65
24033803700,11.161,11.033,11.372,1545.633,963.65,581.983
24033803801,10.634,10.772,10.414,1575.767,971.333,604.433
24033803803,10.758,10.587,11.07,2768.567,1786.133,982.433
24033803900,10.665,10.396,11.236,1809.4,1230.3,579.1
24033804001,10.626,10.398,11.085,2366.45,1582.617,783.833
24033804002,9.682,9.374,10.25,2039.967,1322.267,717.7
24033804101,10.452,10.681,10.133,1991.167,1157.15,834.017
24033804102,10.092,10.128,10.032,2963.483,1846.4,1117.083
24033804200,10.201,11.694,9.056,1936.683,840.683,1096
24033804300,9.965,9.599,10.739,1871.4,1270.483,600.917
24033804400,9.794,9.683,10.005,1684.283,1105.667,578.617
24033804600,9.418,9.468,9.324,1904.2,1240.483,663.717
24033804700,9.425,9.97,8.678,2179.517,1259.833,919.683
24033804801,8.814,8.74,8.932,1637.35,1008.583,628.767
24033804802,9.715,9.307,10.7,1548.167,1095.15,453.017
24033804900,8.96,9.069,8.789,2037.767,1243.317,794.45
24033805000,9.036,9.289,8.611,2715.533,1702.8,1012.733
24033805101,9.317,8.997,10.173,1962.233,1428.133,534.1
24033805201,8.846,8.49,9.76,2074.167,1493.167,581
24033805202,8.404,7.935,9.806,2309.95,1730.417,579.533
24033805500,9.795,9.715,9.943,1675.267,1091.55,583.717
24033805601,12.159,11.341,14.758,1465.233,1114.2,351.033
24033805602,11.949,11.371,13.682,1226.3,919.6,306.7
24033805700,9.48,9.135,10.316,2470.05,1747.867,722.183
24033805801,9.392,9.086,10.11,2140.633,1499.917,640.717
24033805802,9.188,9.142,9.296,1965.1,1373.883,591.217
24033805904,9.907,9.92,9.884,1752.467,1085.867,666.6
24033805906,10.177,9.798,10.902,1579.35,1036.433,542.917
24033805907,10.026,9.742,10.729,1791.867,1275.45,516.417
24033805908,9.459,9.275,9.835,1546.333,1039.6,506.733
24033805909,9.244,9.315,9.121,2220.417,1397.9,822.517
24033806000,8.945,8.818,9.174,2545.117,1637.433,907.683
24033806100,9.611,10.041,9.036,2594.783,1486.167,1108.617
24033806200,9.639,10.012,9.203,2386.8,1285.517,1101.283
24033806300,9.818,10.32,9.145,1543.5,883.567,659.933
24033806400,9.032,10.687,8.002,1990.35,763.05,1227.3
24033806501,10.657,10.483,10.96,2037.7,1295.85,741.85
24033806601,11.183,11.14,11.268,1867.367,1245.517,621.85
24033806602,10.724,10.589,10.973,2292.667,1485.183,807.483
24033806706,11.089,11.563,10.589,2172.867,1116.017,1056.85
24033806708,11.509,11.537,11.486,2369.95,1052.533,1317.417
24033806710,11.64,11.582,11.688,2899.667,1308.233,1591.433
24033806711,12.801,12.587,13.028,2280.7,1173.133,1107.567
24033806712,12.89,12.774,12.993,1946.783,922.717,1024.067
24033806713,11.374,10.97,12.215,1815.117,1226.633,588.483
24033806714,11.364,10.988,12.295,1701.533,1212.083,489.45
24033806800,10.364,10.801,9.904,2129.117,1091.617,1037.5
24033806900,10.838,11.134,10.458,2238.2,1259.333,978.867
24033807000,10.428,10.583,10.228,2074.883,1169.75,905.133
24033807102,10.665,11.268,10.022,1648.683,851.417,797.267
24033807200,15.873,16.444,14.991,1665.817,1011.267,654.55
24033807301,10.246,10.832,9.588,1755.15,928.217,826.933
24033807304,11.438,10.933,12.024,1303.55,700.767,602.783
24033807305,10.191,10.074,10.367,1941.167,1168.067,773.1
24033807404,11.641,10.941,12.427,2640.967,1396.6,1244.367
24033807405,11.043,10.866,11.207,2845.6,1371.017,1474.583
24033807407,12.348,11.951,12.734,2989.95,1473.267,1516.683
24033807408,12.178,12.295,12.09,2933.333,1263.117,1670.217
24033807409,11.572,10.858,12.606,1972.9,1167.783,805.117
24033807410,11.74,10.956,12.826,2033.117,1180.5,852.617
51013100100,9.234,9.975,8.887,2573.3,821.633,1751.667
51013100200,8.99,9.859,8.619,3048.833,913.35,2135.483
51013100300,9.063,10.46,8.466,2676.933,802.433,1874.5
51013100400,9.115,10.852,8.344,1964.2,603.383,1360.817
51013100500,8.735,9.891,8.284,2481.133,696.35,1784.783
51013100600,8.961,9.869,8.468,2012.417,708.85,1303.567
51013100700,8.446,9.497,7.917,3081.033,1030.833,2050.2
51013100800,9.292,9.086,9.493,1334.067,660.45,673.617
51013100900,8.828,9.374,8.532,2464.267,866.033,1598.233
51013101000,8.849,9.355,8.564,2039.117,735.45,1303.667
51013101100,9.046,10.407,8.543,3126.567,843.217,2283.35
51013101200,9.142,9.598,8.872,2105.233,784.117,1321.117
51013101300,8.507,9.723,8.035,3604.617,1006.9,2597.717
51013101401,8.564,9.95,7.937,1438.733,447.917,990.817
51013101402,8.42,9.91,7.925,2403.5,599,1804.5
51013101403,8.246,10.367,7.682,3795.683,797.517,2998.167
51013101404,8.609,11.158,7.852,2628.783,601.867,2026.917
51013101500,7.493,8.674,7.032,4520.883,1268.5,3252.383
51013101601,8.091,9.301,7.406,1305.35,471.817,833.533
51013101602,8.228,9.305,7.543,1593.783,619.9,973.883
51013101603,7.308,8.424,6.86,2605.833,746.267,1859.567
51013101701,7.728,9.471,7.037,2744.967,779.167,1965.8
51013101702,7.264,7.767,6.987,3017.1,1070.317,1946.783
51013101703,7.799,8.284,7.514,1858.517,688.717,1169.8
51013101801,7.86,10.165,7.211,2203.917,483.933,1719.983
51013101802,7.249,8.261,6.888,4012.95,1055.95,2957
51013101803,7.716,8.51,7.313,3008.183,1011.083,1997.1
51013101900,8.146,9.32,7.659,2031.717,596.533,1435.183
51013102001,8.592,8.994,8.289,1710.567,734.55,976.017
51013102002,8.31,8.541,8.131,1313.15,572.133,741.017
51013102003,8.962,8.799,9.132,2217.05,1135.8,1081.25
51013102100,8.972,9.348,8.723,1515.65,602.1,913.55
51013102200,8.279,7.698,9.318,3509.85,2250.65,1259.2
51013102301,8.684,9.028,8.46,1246.567,491.083,755.483
51013102302,8.516,8.787,8.301,2244.583,991.233,1253.35
51013102400,8.249,8.627,7.981,2397.45,993.567,1403.883
51013102500,7.765,8.072,7.566,3145.117,1237.85,1907.267
51013102600,8.255,7.802,8.796,2200.183,1196.45,1003.733
51013102701,8.608,8.045,9.887,2290.383,1590.417,699.967
51013102702,8.53,8.505,8.55,1560.133,699.833,860.3
51013102801,8.179,8.14,8.21,3776.2,1694.667,2081.533
51013102802,9.091,9.061,9.112,1120,452.517,667.483
51013102901,8.688,9.965,8.19,2187.233,613.767,1573.467
51013102902,8.536,8.913,8.361,3038.333,964.983,2073.35
51013103000,8.847,10.132,8.391,2261,591.983,1669.017
51013103100,8.402,8.324,8.479,3292.033,1627.7,1664.333
51013103200,7.981,8.308,7.769,3441.867,1354.433,2087.433
51013103300,8.295,8.29,8.3,1781.717,870.483,911.233
51013103401,11.815,11.599,12.097,588.15,333.567,254.583
51013103402,8.109,10.134,7.419,3076.167,780.967,2295.2
51013103501,7.729,9.267,7.093,2452.25,717.533,1734.717
51013103502,8.578,10.487,7.793,2030.733,591.817,1438.917
51013103503,8.211,9.565,7.646,2460.867,724.817,1736.05
51013103601,8.36,9.027,7.991,1837.583,655.133,1182.45
51013103602,8.823,9.807,8.204,1199.117,462.967,736.15
51013103700,8.899,9.891,8.414,1620.283,531.717,1088.567
51013103800,8.524,8.854,8.316,2915.1,1131.583,1783.517
51013980100,9.005,9.397,8.483,394.083,225.183,168.9
51013980200,9.529,9.422,9.692,378.85,228.483,150.367
51043010100,30.888,27.374,34.228,3614.2,1761.15,1853.05
51043010200,38.369,36.872,40.076,1608.05,857.017,751.033
51043010300,33.727,33.505,33.937,1961.6,953.283,1008.317
51047930101,29.109,23.687,35.617,1922.983,1049.05,873.933
51047930102,27.404,23.391,31.134,3292.883,1586.333,1706.55
51047930201,29.95,25.06,35.163,2749.467,1418.633,1330.833
51047930202,31.685,26.648,37.108,2521.667,1307.333,1214.333
51047930300,27.844,23.057,34.848,2579.9,1532.533,1047.367
51047930400,26.829,22.439,32.324,2093.5,1163.8,929.7
51047930501,35.218,30.655,40.005,1969.383,1008.2,961.183
51047930502,29.545,25.092,35.009,2096.95,1155.4,941.55
51059415100,11.317,11.817,10.922,1962.617,866.217,1096.4
51059415200,11.19,12.313,10.577,2140.95,756.35,1384.6
51059415300,11.908,12.035,11.782,2348.833,1165.283,1183.55
51059415401,11.974,11.823,12.171,2727.367,1541.617,1185.75
51059415402,12.844,13.471,12.361,1661.817,723.617,938.2
51059415500,12.881,12.911,12.856,2780.883,1254.733,1526.15
51059415600,13.164,13.623,12.9,1542.617,563.517,979.1
51059415700,14.672,15.42,14.256,1985.133,709.883,1275.25
51059415800,13.691,13.689,13.692,2253.65,772.8,1480.85
51059415900,14.268,14.124,14.357,1814.383,691.15,1123.233
51059416000,12.914,12.188,13.697,2658.683,1379.017,1279.667
51059416100,14.057,14.071,14.047,2019.85,799.433,1220.417
51059416200,18.072,17.006,19.881,1156.367,727.267,429.1
51059416300,16.389,16.001,16.685,1351.2,583.433,767.767
51059420100,10.661,10.043,11.407,2403.883,1313.7,1090.183
51059420201,10.714,10.796,10.653,2314.233,985.883,1328.35
51059420202,11.112,11.931,10.618,1546.867,581.8,965.067
51059420203,10.893,11.232,10.652,1648.417,684.3,964.117
51059420300,10.339,10.749,10.021,3213.117,1402.75,1810.367
51059420400,10.451,11.598,9.761,2260.167,849.167,1411
51059420501,11.422,12.338,10.816,1110.4,441.767,668.633
51059420502,11.175,11.729,10.722,1424.483,640.25,784.233
51059420503,10.64,10.98,10.325,2082.283,1001.183,1081.1
51059420600,10.525,10.637,10.408,2630.1,1339.35,1290.75
51059420700,10.781,10.785,10.777,2331.2,1091.35,1239.85
51059420800,11.043,11.189,10.893,2194.017,1110.767,1083.25
51059421001,11.654,11.553,11.748,1784.9,857.817,927.083
51059421002,11.456,10.901,11.994,2649.217,1303,1346.217
51059421101,12.144,11.953,12.275,3147.183,1284.117,1863.067
51059421102,12.18,12.357,12.065,1885.333,736.85,1148.483
51059421103,12.581,12.381,12.704,2874.9,1095.983,1778.917
51059421200,12.804,13.309,12.39,1372.55,617.617,754.933
51059421300,12.039,12.118,11.988,2334.883,928.917,1405.967
51059421400,11.167,10.639,12.076,3540.883,2238.683,1302.2
51059421500,12.302,11.657,13.437,3101.383,1977.067,1124.317
51059421600,12.434,11.703,13.959,3133.967,2119.133,1014.833
51059421701,12.584,11.848,13.876,2291.867,1460.617,831.25
51059421702,12.277,11.661,13.056,2271.45,1268.9,1002.55
51059421800,13.076,12.445,13.864,2909.033,1615.683,1293.35
51059421900,15.472,14.243,17.272,897.083,533.283,363.8
51059422000,13.509,12.802,14.245,1834.167,935.783,898.383
51059422101,13.353,12.444,14.285,3394.767,1719.517,1675.25
51059422102,14.524,13.63,15.512,3187.883,1674.217,1513.667
51059422201,14.331,13.719,14.836,1887.717,853.45,1034.267
51059422202,15.123,14.413,15.709,2703.333,1223.05,1480.283
51059422301,11.112,11.618,10.787,1889.8,739.967,1149.833
51059422302,11.052,11.705,10.643,3167.217,1220.7,1946.517
51059422401,11.872,12.521,11.464,1645.867,635.833,1010.033
51059422402,11.671,11.826,11.578,2744.9,1022.95,1721.95
51059422403,11.428,11.547,11.35,1766.333,697.967,1068.367
51059430101,12.005,11.315,12.478,2549.633,1038.183,1511.45
51059430102,12.2,11.706,12.576,1869.95,807.417,1062.533
51059430201,11.663,10.851,12.293,2443.167,1068.517,1374.65
51059430202,11.246,10.509,11.832,2708.133,1199.95,1508.183
51059430203,11.844,11.327,12.268,1667.117,751.95,915.167
51059430400,10.602,10.207,10.914,3477.5,1532.817,1944.683
51059430500,11.19,10.969,11.379,1323.55,611.033,712.517
51059430600,10.435,9.637,11.696,3212.25,1967.417,1244.833
51059430700,10.955,10.352,11.604,1775.933,921.367,854.567
51059430801,11.497,10.833,11.977,2314.5,971.85,1342.65
51059430802,10.879,10.302,11.323,2325.433,1012.267,1313.167
51059430901,11.486,10.645,12.245,2461.6,1167.833,1293.767
51059430902,11.593,10.848,12.3,2099.983,1022.55,1077.433
51059431001,11.923,10.915,12.924,2768.967,1379.967,1389
51059431002,12.235,11.62,12.833,1595.6,786.167,809.433
51059431300,12.317,11.387,12.985,2356.783,984.417,1372.367
51059431400,12.123,11.226,12.842,2416.433,1075.067,1341.367
51059431500,11.765,11.13,12.155,2668.617,1014.5,1654.117
51059431600,11.325,10.201,12.609,3350.3,1785.95,1564.35
51059431801,11.725,11.144,12.235,2523.15,1180.017,1343.133
51059431802,11.576,10.77,12.313,1960.967,936.75,1024.217
51059431900,11.683,11.24,11.978,1938.7,775.183,1163.517
51059432000,12.853,11.876,13.71,2112.15,986.533,1125.617
51059432100,12.637,11.983,13.138,2209,957.267,1251.733
51059432201,12.285,11.31,13.071,1606.683,717.05,889.633
51059432202,11.975,11.454,12.374,2577.533,1117.633,1459.9
51059432300,12.443,11.645,13.028,2717.8,1150.25,1567.55
51059432401,12.7,12.03,13.171,2068.467,854.433,1214.033
51059432402,12.491,11.596,13.122,2658.2,1099.967,1558.233
51059432500,12.575,11.807,13.082,2765.35,1100.183,1665.167
51059432600,12.838,12.257,13.228,2598.533,1044.3,1554.233
51059432701,12.791,12.464,13.044,1945.833,851.25,1094.583
51059432702,13.203,12.332,14.026,2544.717,1235.433,1309.283
51059432800,13.167,12.403,13.788,1526.383,685.067,841.317
51059440100,10.264,9.929,10.48,3238.217,1271.65,1966.567
51059440201,9.689,10.121,9.342,1723.717,768.867,954.85
51059440202,9.602,9.458,9.72,3266.833,1466.2,1800.633
51059440300,10.385,10.453,10.343,1645.85,639.183,1006.667
51059440501,10.89,10.265,11.333,2459.733,1021.083,1438.65
51059440502,13.241,12.862,13.54,1783.65,787.3,996.35
51059440600,11.807,11.06,12.485,1811.067,862.033,949.033
51059440701,11.208,10.938,11.398,1693.283,699.6,993.683
51059440702,10.993,10.393,11.371,2606.733,1006.417,1600.317
51059440800,10.356,9.916,10.65,2829.083,1134.95,1694.133
51059450100,9.131,9.032,9.208,3168.85,1394.933,1773.917
51059450200,9.771,9.407,10.231,2255.867,1258.183,997.683
51059450300,9.121,9.071,9.175,2773.25,1418.6,1354.65
51059450400,9.318,9.589,9.104,1714.4,754.667,959.733
51059450500,9.286,9.1,9.542,1996.233,1154.733,841.5
51059450601,9.513,9.34,9.656,2381.583,1077.467,1304.117
51059450602,9.669,9.498,9.853,2426.567,1260.283,1166.283
51059450701,10.28,10.134,10.396,1873.517,831.367,1042.15
51059450702,10.126,9.433,11.172,2032.5,1221.9,810.6
51059450800,9.773,9.733,9.814,2117.667,1067.583,1050.083
51059450900,9.964,10.035,9.905,1398.883,637.183,761.7
51059451000,10.183,10.187,10.179,1711.583,730.667,980.917
51059451100,9.968,10.433,9.591,1621.033,725.95,895.083
51059451200,9.934,10.876,9.374,1268.05,472.483,795.567
51059451300,9.284,9.625,9.049,1630.533,666.133,964.4
51059451400,9.937,9.486,10.74,1698.117,1086.95,611.167
51059451501,9.114,8.945,9.353,2755.717,1616.05,1139.667
51059451502,9.291,9.143,9.49,2344.75,1345.467,999.283
51059451601,10.237,9.826,11.259,2023.683,1443.333,580.35
51059451602,9.383,9.128,9.717,1787.65,1013.017,774.633
51059451800,9.562,9.505,9.621,2106,1067.783,1038.217
51059451900,9.564,9.658,9.476,3088.017,1494.9,1593.117
51059452000,9.945,9.719,10.173,1812.433,912.833,899.6
51059452101,9.973,9.679,10.254,2645.717,1292.35,1353.367
51059452102,10.077,9.845,10.345,1921.9,1031.45,890.45
51059452200,9.679,9.076,10.665,3426.767,2128.067,1298.7
51059452301,10.729,10.213,11.507,1985.317,1193.267,792.05
51059452302,10.769,10.291,11.58,2291.283,1441.55,849.733
51059452400,10.2,9.814,10.578,3407.883,1685.983,1721.9
51059452501,10.222,9.931,10.502,2175.733,1067.967,1107.767
51059452502,9.886,9.379,10.992,2613.85,1792.7,821.15
51059452600,10.204,9.986,10.397,3377.883,1582.183,1795.7
51059452700,9.275,9.173,9.41,2749.833,1564.533,1185.3
51059452801,9.448,9.776,9.176,2680.25,1214.083,1466.167
51059452802,9.855,10.43,9.346,1683.733,791.033,892.7
51059460100,10.928,12.017,10.401,2313.15,755.033,1558.117
51059460200,10.834,11.3,10.615,2155.4,688.75,1466.65
51059460300,10.974,11.881,10.511,1733.333,585.433,1147.9
51059460400,9.803,10.569,9.418,2586.833,866.3,1720.533
51059460501,10.318,11.179,9.874,1669.117,568.3,1100.817
51059460502,9.462,10.293,9.099,3529.75,1072.6,2457.15
51059460600,10.103,10.245,10.024,2182.383,788.517,1393.867
51059460701,10.334,10.169,10.493,2072.667,1019.95,1052.717
51059460702,10.14,10.182,10.115,2418.05,907.683,1510.367
51059460800,10.165,10.348,10.04,1924.25,782.667,1141.583
51059460900,10.744,11.094,10.543,1597.033,581.55,1015.483
51059461000,10.564,10.459,10.635,1630.1,650.667,979.433
51059461100,10.731,10.224,11.035,3432.1,1284.867,2147.233
51059461201,11.047,11.181,10.985,2513.45,802.467,1710.983
51059461202,11.514,11.551,11.495,2888.833,988.1,1900.733
51059461500,10.844,11.112,10.729,3422.183,1032.583,2389.6
51059461601,10.328,10.209,10.392,3790.15,1323.467,2466.683
51059461602,9.699,10.114,9.511,2854.667,894.033,1960.633
51059461700,10.027,9.624,10.353,3604.117,1612.633,1991.483
51059461801,11.259,11.39,11.158,1205.35,524.45,680.9
51059461802,11.117,11.005,11.175,3009.517,1028.517,1981
51059461901,10.689,9.9,11.633,2261.483,1232.25,1029.233
51059461902,11.233,10.658,12.322,1258.233,823.65,434.583
51059470100,10.858,12.111,10.07,1465.95,566.133,899.817
51059470300,9.792,11.287,9.064,1718.55,562.55,1156
51059470400,9.763,11.263,9.063,2257.4,718.45,1538.95
51059470500,9.987,11.32,9.286,2434.683,839.25,1595.433
51059470600,10.608,11.26,10.199,1593.65,613.917,979.733
51059470700,10.125,11.114,9.582,2612.867,926.917,1685.95
51059470800,10.213,11.388,9.508,1764.067,661.167,1102.9
51059470900,9.585,10.782,9.019,3295.833,1057.05,2238.783
51059471000,10.418,11.248,9.946,1537.967,557.7,980.267
51059471100,9.19,9.311,9.098,3583.567,1548.733,2034.833
51059471201,10.109,11.58,9.085,1878.483,771.217,1107.267
51059471202,9.739,11.365,8.889,2650.267,909.75,1740.517
51059471301,9.775,10.137,9.495,2380.783,1038.45,1342.333
51059471303,9.74,10.439,9.315,2441.033,923.25,1517.783
51059471304,10.581,11.439,9.968,1450.083,603.733,846.35
51059471401,9.882,9.956,9.815,2324.75,1109.467,1215.283
51059471402,9.731,9.694,9.775,2238.483,1204.133,1034.35
51059480100,12.636,13.753,12.051,2082.083,716.117,1365.967
51059480201,10.536,11.81,9.969,2205.75,679.05,1526.7
51059480202,8.811,10.834,8.064,2304.767,621.383,1683.383
51059480203,10.536,11.552,9.903,1333.1,511.517,821.583
51059480300,11.092,11.811,10.774,3046.817,933.667,2113.15
51059480401,12.034,12.632,11.752,2290.833,734.1,1556.733
51059480402,13.093,13.717,12.782,2751.067,913.733,1837.333
51059480501,12.793,13.529,12.397,2215.183,774.967,1440.217
51059480502,12.589,12.522,12.626,3448.783,1237.067,2211.717
51059480503,12.41,13.047,12.052,2408.15,866.967,1541.183
51059480504,12.462,13.846,11.702,1531.733,542.867,988.867
51059480505,11.808,13.274,11.079,2222.583,738.283,1484.3
51059480801,11.893,11.712,12.075,2937.15,1471.3,1465.85
51059480802,11.722,11.86,11.621,2435.65,1033.833,1401.817
51059480901,11.976,11.265,12.86,3621.733,2006.767,1614.967
51059480902,11.519,11.304,11.741,2430.367,1231.967,1198.4
51059480903,11.584,11.486,11.695,2546.783,1356.933,1189.85
51059481000,11.747,11.48,12.096,3413.25,1936.717,1476.533
51059481101,11.798,13.643,10.975,1681.2,518.45,1162.75
51059481102,11.702,13.002,11.079,2053.283,664.9,1388.383
51059481103,12.094,11.994,12.18,2319.933,1074.35,1245.583
51059481104,12.224,13.282,11.7,2008.1,665.717,1342.383
51059481105,11.547,12.215,11.26,3302.567,992.65,2309.917
51059481106,11.771,11.977,11.67,3221.25,1063.733,2157.517
51059481201,12.897,13.197,12.669,1177.317,507.283,670.033
51059481202,11.625,11.187,12.181,3472.283,1942.067,1530.217
51059481400,11.082,11.831,10.686,3486.967,1205.1,2281.867
51059481500,12.122,12.506,11.907,1586.1,568.617,1017.483
51059481600,11.613,12.068,11.403,1982,627.6,1354.4
51059481701,11.676,11.707,11.662,3144.45,944.25,2200.2
51059481702,11.698,12.054,11.505,2671.417,939.267,1732.15
51059481900,11.025,11.614,10.645,2999.067,1175.55,1823.517
51059482001,12.114,13.523,11.53,2819.133,826.383,1992.75
51059482002,11.864,13.494,11.179,2326.533,687.8,1638.733
51059482100,11.655,12.087,11.299,2108.25,952.8,1155.45
51059482201,11.71,12.316,11.16,1724.433,819.8,904.633
51059482202,11.049,12.074,10.517,2236.167,763.667,1472.5
51059482203,11.165,13.019,10.496,2307.617,612.033,1695.583
51059482301,11.061,11.664,10.751,2911.617,986.983,1924.633
51059482302,11.227,11.013,11.473,2860.367,1532.5,1327.867
51059482303,11.192,11.824,10.873,2306.55,775.15,1531.4
51059482400,11.387,12.507,10.803,1535.967,526.467,1009.5
51059482501,11.153,11.284,11.065,4358.45,1744.567,2613.883
51059482502,12.484,12.773,12.308,2192.383,829.683,1362.7
51059482503,11.987,12.627,11.686,3076.35,983.733,2092.617
51059482504,11.99,12.512,11.729,3149.483,1053.183,2096.3
51059482601,12.348,12.279,12.386,4126.567,1485.883,2640.683
51059482602,12.092,12.406,11.952,3632.15,1121.367,2510.783
51059490101,13.037,12.635,13.303,3063.267,1219.233,1844.033
51059490103,13.256,12.546,13.783,3313.5,1413.05,1900.45
51059490501,13.585,13.331,13.786,2099.533,927.7,1171.833
51059490502,12.205,11.801,12.444,3280.767,1220.383,2060.383
51059491000,16.186,16.289,16.121,1479.35,571,908.35
51059491101,14.692,14.478,14.825,2319.567,888.133,1431.433
51059491102,14.115,13.601,14.474,2281.617,939.717,1341.9
51059491103,13.927,13.289,14.519,3700.15,1780.433,1919.717
51059491201,13.592,13.166,13.943,3765.85,1702.333,2063.517
51059491202,14.161,14.427,13.932,1356.083,628.567,727.517
51059491301,14.995,14.386,15.513,3658.85,1682.033,1976.817
51059491302,14.314,13.914,14.616,2274.7,979.483,1295.217
51059491303,13.963,13.504,14.393,2411.333,1166.433,1244.9
51059491401,13.507,13.144,13.801,2992.967,1339.2,1653.767
51059491402,13.757,13.256,14.145,2654.683,1160.2,1494.483
51059491403,13.722,13.308,14,2309.95,926.683,1383.267
51059491404,14.273,13.7,14.653,2581.067,1030.517,1550.55
51059491405,14.423,14.443,14.41,1785.483,677.65,1107.833
51059491501,13.131,12.852,13.315,3486.167,1388.617,2097.55
51059491502,12.729,12.666,12.76,4040.867,1346.617,2694.25
51059491601,12.813,12.215,13.514,2768.117,1493.2,1274.917
51059491602,12.537,12.133,13.012,3150.383,1702.333,1448.05
51059491701,12.139,12.801,11.815,2568.85,845.25,1723.6
51059491702,11.689,11.75,11.653,4037.267,1515.95,2521.317
51059491703,11.902,11.987,11.856,2483.2,869.367,1613.833
51059491704,12.368,12.818,12.113,2907.567,1052.233,1855.333
51059491705,13.255,13.344,13.201,1971.083,740.317,1230.767
51059491801,12.904,12.964,12.865,1827.15,726.283,1100.867
51059491802,13.299,13.433,13.219,1921.133,715.567,1205.567
51059491803,12.275,11.858,12.557,3497.55,1411.583,2085.967
51059492000,12.652,11.937,13.068,3200.517,1178.133,2022.383
51059492100,13.558,12.982,13.886,3243.017,1175.533,2067.483
51059492201,14.55,13.824,15.007,1671.35,645.1,1026.25
51059492202,13.473,12.664,13.898,3354.35,1154.117,2200.233
51059492203,14.326,13.638,14.719,2269.15,825.35,1443.8
51059492300,13.103,12.566,13.537,2146.233,960.083,1186.15
51059492400,13.386,13.078,13.62,2793.95,1205.267,1588.683
51059492500,13.896,13.364,14.204,2197.133,806.7,1390.433
51059980100,12.289,12.166,12.45,346.967,197.05,149.917
51059980200,15.71,15.633,15.827,385.05,232.3,152.75
51059980300,10.207,10.513,9.681,467.017,295.3,171.717
51061930100,24.5,22.969,26.154,2746.5,1426.017,1320.483
51061930203,35.898,34.845,37.019,1723.617,888.1,835.517
51061930204,30.757,28.968,32.399,2064.85,988.35,1076.5
51061930205,33.262,32.351,34.21,1383.233,705.7,677.533
51061930206,30.826,30.233,31.413,1740.25,866.5,873.75
51061930207,29.686,29.05,30.403,1488.817,789.433,699.383
51061930302,23.97,22.199,25.754,3813.55,1913.883,1899.667
51061930303,25.751,24.763,26.716,2431.167,1201.533,1229.633
51061930304,26.039,26.343,25.785,1730.783,786.6,944.183
51061930401,23.077,22.477,23.563,2915.85,1304.9,1610.95
51061930402,23.672,21.888,25.057,3338.833,1459.467,1879.367
51061930403,22.783,21.227,24.197,3491.067,1662.417,1828.65
51061930703,32.862,31.53,34.302,1877.933,975.433,902.5
51061930704,26.562,25.786,27.359,2460.567,1246.917,1213.65
51061930705,27.454,26.191,28.815,2348.967,1217.717,1131.25
51061930706,28.871,27.124,31.111,3213.7,1805.567,1408.133
51061930707,31.606,30.114,33.423,1944.7,1067.65,877.05
51099040100,28.833,25.877,31.545,1804.517,863.483,941.033
51099040200,28.917,25.394,32.277,1725.3,842.017,883.283
51099040300,26.259,21.936,30.425,3122.017,1532.233,1589.783
51099040400,29.756,25.374,34.195,1761.65,886.417,875.233
51099040500,32.669,28.798,37.058,1376.833,731.683,645.15
51107610101,29.761,28.177,30.923,2607.633,1103.8,1503.833
51107610102,27.524,26.728,28.131,2446.683,1059.233,1387.45
51107610201,27.259,26.04,28.095,2652.4,1079.333,1573.067
51107610202,28.729,28.014,29.2,2678.733,1064.217,1614.517
51107610300,22.914,21.938,23.521,3635.1,1393.517,2241.583
51107610400,20.424,20.163,20.619,2808.117,1196.367,1611.75
51107610503,18.861,18.59,19.028,4021.75,1535.3,2486.45
51107610504,18.319,17.759,18.837,4132.65,1986.117,2146.533
51107610505,18.63,18.02,19.794,2921.217,1917.317,1003.9
51107610506,18.288,18.368,18.206,3112.417,1568.55,1543.867
51107610507,18.074,18.045,18.089,3649.833,1273.6,2376.233
51107610601,18.984,18.326,19.489,4144.617,1799.933,2344.683
51107610602,21.99,22.854,21.292,1642.45,734.333,908.117
51107610603,20.158,20.023,20.297,2567.25,1305.067,1262.183
51107610604,18.1,18.351,17.947,3908.183,1477.4,2430.783
51107610701,25.294,24.915,25.547,2696.083,1078.567,1617.517
51107610702,22.727,21.36,23.772,3191.033,1381.583,1809.45
51107610703,21.31,20.431,21.92,2908.533,1191.067,1717.467
51107610800,25.382,24.55,26.046,3023.15,1340.9,1682.25
51107610900,24.05,23.778,24.346,1624.517,847.283,777.233
51107611002,15.988,17.077,15.035,2971.35,1386.983,1584.367
51107611004,16.612,16.294,16.789,4413.983,1580.967,2833.017
51107611005,16.092,16.493,15.815,3542.567,1442.933,2099.633
51107611006,15.045,15.481,14.742,3384.583,1388.35,1996.233
51107611009,17.93,18.563,17.61,2849.5,958.333,1891.167
51107611010,22.584,24.17,20.707,972,526.85,445.15
51107611011,18.194,18.922,17.647,2512.45,1077.4,1435.05
51107611012,17.828,18.826,17.287,2738.367,962.7,1775.667
51107611013,16.726,17.549,16.26,2968.9,1074.583,1894.317
51107611014,16.075,16.568,15.71,3416.75,1454.067,1962.683
51107611015,17.924,18.902,17.014,1777.1,856.533,920.567
51107611016,17.16,18.228,16.334,1975.567,861.35,1114.217
51107611017,16.6,17.194,16.125,2134.633,948.733,1185.9
51107611018,17.401,17.637,17.072,1602.317,932.417,669.9
51107611019,15.257,15.239,15.267,4289.917,1466.317,2823.6
51107611020,14.624,15.415,14.135,3305.083,1263.217,2041.867
51107611021,15.854,16.962,15.251,3556.633,1252.5,2304.133
51107611022,16.26,17.011,15.925,3360.383,1038.2,2322.183
51107611023,16.237,16.383,16.166,3828.367,1255.383,2572.983
51107611024,18.526,19.111,18.27,3988.633,1214.45,2774.183
51107611025,16.882,17.934,16.48,3878.967,1071.083,2807.883
51107611101,15.662,16.099,15.273,3077.783,1448.567,1629.217
51107611102,14.628,14.959,14.37,4040.85,1769.283,2271.567
51107611202,15.384,16.523,14.694,2851.15,1075.733,1775.417
51107611204,14.212,14.495,13.88,3563.183,1921.867,1641.317
51107611205,13.81,14.251,13.341,3699.567,1905.2,1794.367
51107611206,15.553,16.435,14.987,2973.517,1162.367,1811.15
51107611207,14.685,15.939,13.91,2793.917,1066.567,1727.35
51107611208,15.281,16.754,14.508,2558.683,880.7,1677.983
51107611209,14.066,15.082,13.545,3805.283,1291.35,2513.933
51107611300,13.572,13.785,13.339,3904.783,2042.933,1861.85
51107611400,13.329,13.369,13.272,3496.6,2059,1437.6
51107611501,15.515,15.991,14.899,2181.067,1229.683,951.383
51107611502,13.62,13.892,13.299,3794.3,2055.65,1738.65
51107611601,14.274,15.009,13.645,2923.167,1347.4,1575.767
51107611602,14.211,14.214,14.205,2739.833,1726.883,1012.95
51107611700,13.016,12.953,13.093,4061.55,2215.833,1845.717
51107611801,16.919,17.52,16.622,3478.317,1152.2,2326.117
51107611802,15.877,16.086,15.773,4849.833,1618.5,3231.333
51107611803,15.463,16.105,15.117,4051.883,1418.617,2633.267
51107611804,14.987,15.843,14.535,3689.417,1276.017,2413.4
51107611805,15.672,17.188,14.892,3253.983,1105.25,2148.733
51107611806,17.309,17.758,17.082,3942.817,1323.1,2619.717
51107611900,15.016,16.083,14.621,4035.767,1089.367,2946.4
51107980100,22.777,23.265,21.9,728.95,467.983,260.967
51153900100,16.995,16.191,17.605,1771.683,764.85,1006.833
51153900201,16.119,14.762,17.911,1361.083,774.6,586.483
51153900202,15.57,14.261,17.488,2014.5,1197.15,817.35
51153900203,15.736,14.434,17.972,2440.75,1542.533,898.217
51153900300,14.942,13.78,16.156,3972.283,2029.133,1943.15
51153900403,16.315,14.717,18.404,2672.167,1514.117,1158.05
51153900404,16.499,14.674,19.044,2804.017,1632.85,1171.167
51153900407,16.367,14.774,18.828,3351.033,2034.117,1316.917
51153900408,17.791,16.094,19.558,2367.9,1207.417,1160.483
51153900409,16.525,14.821,18.993,2754.617,1629.15,1125.467
51153900410,17.416,15.661,19.69,2400.583,1354.883,1045.7
51153900501,15.576,14.123,17.858,3557.083,2173.317,1383.767
51153900502,17.71,17.449,17.891,1473.817,602.817,871
51153900600,15.775,14.218,18.372,3351.05,2094.967,1256.083
51153900701,17.054,15.525,18.849,2991.067,1615.25,1375.817
51153900702,17.053,15.742,18.576,3433.883,1845.117,1588.767
51153900801,18.985,17.522,20.097,2620.517,1132.083,1488.433
51153900802,19.026,17.327,21.138,3466.333,1920.717,1545.617
51153900901,20.014,17.694,23.771,2599,1606.683,992.317
51153900904,20.266,18.334,22.127,2590.183,1270.65,1319.533
51153900905,21.287,19.291,23.301,2385.35,1197.9,1187.45
51153901001,19.132,16.676,21.537,3080.417,1524.05,1556.367
51153901005,17.751,15.867,18.976,2397.6,944.55,1453.05
51153901008,18.044,16.418,19.95,3227.05,1741.117,1485.933
51153901009,16.797,15.299,17.977,3326.833,1466.5,1860.333
51153901010,17.759,16.229,19.061,2207.6,1014.433,1193.167
51153901011,17.563,16.139,18.744,2778.633,1259.367,1519.267
51153901012,18.847,17.703,19.778,1585.967,711.783,874.183
51153901100,26.331,23.91,29.26,1320.5,722.883,597.617
51153901203,16.856,15.188,18.83,2171.917,1177.533,994.383
51153901208,15.735,14.687,16.796,1786.8,898.567,888.233
51153901209,15.661,14.367,16.995,3082.55,1564.967,1517.583
51153901211,15.857,14.363,17.935,2455.367,1428.833,1026.533
51153901212,16.117,14.763,17.631,3463.333,1827.6,1635.733
51153901219,14.979,14.091,15.522,2760.517,1048.25,1712.267
51153901221,14.905,13.727,15.884,2902.3,1317.4,1584.9
51153901222,15.089,14.234,15.765,1632.183,721.2,910.983
51153901223,14.604,13.79,15.356,3319.583,1594.283,1725.3
51153901224,15.214,14.001,16.386,2354.533,1157.417,1197.117
51153901225,15.897,14.629,17.037,2359.433,1116.85,1242.583
51153901226,16.468,15.171,17.75,2692.85,1338.65,1354.2
51153901227,16.584,15.133,18.249,2789.2,1490.383,1298.817
51153901228,16.934,15.07,18.809,3211.283,1610.55,1600.733
51153901229,17.25,15.709,18.7,2237.333,1084.3,1153.033
51153901230,16.959,15.594,18.224,2389.3,1149.3,1240
51153901231,14.315,13.505,14.917,2853.117,1216.617,1636.5
51153901232,15.898,15.056,16.522,2104.75,895.85,1208.9
51153901233,15.63,14.411,16.491,3397.05,1406.233,1990.817
51153901234,17.222,16.084,18.086,1668.967,720.917,948.05
51153901235,15.492,14.977,15.862,1774.45,742.317,1032.133
51153901236,15.3,14.34,16.022,2400.433,1030.083,1370.35
51153901237,15.077,14.379,15.642,2078.567,930.067,1148.5
51153901303,16.145,15.53,16.57,2544.95,1040.033,1504.917
51153901304,16.433,15.245,17.356,1689.95,738.583,951.367
51153901305,18.503,16.97,19.744,1846.033,825.683,1020.35
51153901306,16.892,15.516,17.871,2947.033,1225.367,1721.667
51153901403,15.141,14.309,16.087,3601.95,1917.083,1684.867
51153901407,16.176,15.136,17.32,2199.1,1151.683,1047.417
51153901408,15.907,14.763,17.322,3720.367,2057.017,1663.35
51153901409,16.317,15.43,16.959,3178,1334.1,1843.9
51153901410,17.634,16.763,18.16,3564.5,1343.217,2221.283
51153901411,19.965,18.278,20.972,3168.55,1184.5,1984.05
51153901412,18.842,17.755,19.496,3494.867,1311.517,2183.35
51153901413,18.522,17.323,19.237,2424.55,906.15,1518.4
51153901414,19.844,18.638,20.692,2277.45,939.317,1338.133
51153901415,18.454,17.512,19.061,2125.417,832.35,1293.067
51153901416,18.302,17.231,18.939,2486.033,927.45,1558.583
51153901417,19.215,17.557,20.48,1775.617,768.65,1006.967
51153901503,16.425,15.738,16.872,3513.4,1386.45,2126.95
51153901504,20.031,18.709,21.043,1430.883,620.267,810.617
51153901505,19.235,18.467,19.657,2986.317,1058.817,1927.5
51153901506,19.545,18.796,20.071,2723.217,1124.667,1598.55
51153901507,18.901,17.501,19.907,1937.1,809.75,1127.35
51153901508,19.865,18.45,20.973,2514.733,1103.983,1410.75
51153901509,19.995,18.709,20.746,3347.283,1233.867,2113.417
51153901510,20.75,20.105,21.08,2460.617,833.233,1627.383
51153901511,21.621,21.292,21.831,1193.45,463.9,729.55
51153901601,15.042,13.763,16.551,2139.25,1157.8,981.45
51153901602,14.436,13.513,15.502,4035.033,2162.35,1872.683
51153901701,14.542,13.137,16.831,3706.867,2297.567,1409.3
51153901702,14.582,13.519,16.168,2020.1,1209.383,810.717
51153901900,13.463,12.496,14.686,3344.4,1867.5,1476.9
51153980100,20.568,20.456,20.772,274.167,176.833,97.333
51177020104,26.792,22.807,30.697,1943.55,961.867,981.683
51177020105,26.318,23.189,29.867,1220.25,648.417,571.833
51177020106,23.317,19.304,27.757,2357.5,1238.3,1119.2
51177020107,26.407,23.066,30.217,1007.783,536.867,470.917
51177020108,24.42,19.462,31.724,1780.317,1060.467,719.85
51177020109,25.357,20.811,31.372,1638.55,933.233,705.317
51177020110,25.161,20.899,30.849,1769.483,1011.45,758.033
51177020111,26.14,21.921,30.742,1327.533,692.667,634.867
51177020112,26.797,22.905,31.493,1421.683,777.4,644.283
51177020113,26.37,21.912,31.729,2016.933,1101.05,915.883
51177020114,26.239,21.378,31.627,2114.9,1111.767,1003.133
51177020201,24.042,19.859,29.022,2371.783,1289.1,1082.683
51177020202,22.2,17.941,28.256,2308.833,1355.633,953.2
51177020203,24.505,20.182,29.466,2069.067,1105.533,963.533
51177020204,24.878,21.082,29.077,1872.133,983.233,888.9
51177020205,27.056,22.629,31.532,2046.217,1028.667,1017.55
51177020304,24.008,19.778,29.082,1973.667,1076.317,897.35
51177020305,24.099,19.439,30.505,1714.4,992.517,721.883
51177020306,27.05,22.639,31.92,2027.1,1063.6,963.5
51177020307,24.599,20.122,30.596,1762.917,1009.283,753.633
51177020308,25.41,21.995,29.077,1775.517,919.367,856.15
51177020309,24.835,21.316,28.636,2416.75,1255.083,1161.667
51177020310,26.964,22.824,31.849,1979.617,1071.35,908.267
51177020311,29.955,24.684,36.821,2230.05,1261.683,968.367
51177020403,35.005,29.936,41.906,1705.4,983.3,722.1
51177020404,38.2,33.336,44.643,1445.1,823.35,621.75
51177020405,41.459,37.272,46.482,1395.283,761.05,634.233
51177020406,34.381,29.78,39.691,1632.367,874.467,757.9
51177020407,31.954,27.955,36.253,1989.9,1030.833,959.067
51177020408,30.05,26.258,34.328,1459.767,773.967,685.8
51179010103,22.923,19.56,25.889,1596.783,748.317,848.467
51179010105,23.298,19.581,26.76,2733.733,1318.15,1415.583
51179010106,25.786,22.404,28.738,1314.733,612.75,701.983
51179010107,23.521,20.228,26.382,1541.567,716.583,824.983
51179010108,22.157,19.297,24.764,2216.35,1056.833,1159.517
51179010201,28.141,25.987,30.082,598.833,283.833,315
51179010202,23.47,20.18,26.465,2629.1,1252.95,1376.15
51179010204,23.571,19.538,27.189,2810.2,1328.85,1481.35
51179010205,23.205,19.471,26.765,2774.967,1354.217,1420.75
51179010206,22.588,18.745,26.386,2262.383,1124.467,1137.917
51179010207,21.956,18.472,26.093,2943.333,1597.817,1345.517
51179010210,23.756,19.776,27.552,2470.917,1206.25,1264.667
51179010211,23.294,19.557,27.176,1889.767,962.983,926.783
51179010212,22.959,19.404,26.35,1930.85,942.8,988.05
51179010213,24.631,21.275,27.958,1256.983,625.733,631.25
51179010214,23.656,19.798,27.416,1696.783,837.533,859.25
51179010301,24.56,20.983,27.885,1764.533,849.983,914.55
51179010303,25.168,20.053,30.196,3499.717,1734.783,1764.933
51179010304,24.547,19.615,30.247,2255.4,1209.183,1046.217
51179010305,24.559,20.261,29.288,2403.8,1259.417,1144.383
51179010403,24.4,20.001,28.453,1562.883,749.483,813.4
51179010404,24.252,19.307,29.382,2563.25,1305.167,1258.083
51179010405,24.423,19.705,28.836,2655.767,1283.7,1372.067
51179010406,26.172,21.823,30.965,1602.95,840.317,762.633
51179010502,25.811,20.634,31.055,2061.05,1037.067,1023.983
51179010503,25.344,21.209,29.55,1178.167,594.1,584.067
51179010504,28.514,24.837,32.578,1031.283,541.467,489.817
51187020100,36.337,32.112,39.806,3846.233,1734.267,2111.967
51187020200,41.669,40.082,43.568,1649.3,898.2,751.1
51187020300,40.316,35.221,45.966,2911.65,1531.033,1380.617
51187020400,35.055,31.051,42.428,2347.75,1521.583,826.167
51187020500,36.599,32.718,44.029,2104.45,1382.35,722.1
51187020601,34.394,30.656,38.883,2655.367,1448.9,1206.467
51187020602,40.371,37.758,43.72,1762.617,989.883,772.733
51187020700,43.109,40.479,46.278,1778.55,972.033,806.517
51510200102,8.888,8.53,9.335,2403.533,1332.833,1070.7
51510200103,8.641,8.092,9.399,4041.517,2342.8,1698.717
51510200104,9.301,8.865,9.839,2162.667,1195.567,967.1
51510200105,8.298,7.688,9.277,2747.167,1691.733,1055.433
51510200106,8.879,8.723,9.035,1957.333,974.467,982.867
51510200107,8.517,9.946,7.805,3545.183,1178.65,2366.533
51510200201,9.227,10.169,8.679,2147.5,789.767,1357.733
51510200202,9.761,10.779,9.183,1104.717,399.85,704.867
51510200301,8.922,9.017,8.834,2250.9,1086.617,1164.283
51510200302,9.251,9.18,9.324,2429.483,1236.817,1192.667
51510200303,9.144,9.164,9.126,2984.55,1374.15,1610.4
51510200403,10.28,11.608,9.583,1223.6,421.5,802.1
51510200404,9.964,11.659,9.347,1949.6,520.183,1429.417
51510200405,9.421,9.544,9.318,3933.783,1781.333,2152.45
51510200406,9.535,9.106,10.023,2818.867,1499.7,1319.167
51510200407,9.849,10.019,9.716,2282.3,1004.417,1277.883
51510200500,9.359,9.197,9.521,2753.617,1379.7,1373.917
51510200600,9.514,9.34,9.684,2840.333,1405.783,1434.55
51510200701,9.725,11.544,8.65,886.483,329.317,557.167
51510200702,10.014,13.262,8.906,2399.35,610.167,1789.183
51510200703,10.148,10.487,9.937,2142.3,821.117,1321.183
51510200801,10.002,10.576,9.629,1606.717,633.483,973.233
51510200802,9.457,10.502,8.741,2029.7,825.05,1204.65
51510200900,9.484,11.191,8.743,2595.017,786.283,1808.733
51510201000,8.802,10.719,7.997,2195.117,648.983,1546.133
51510201100,9.584,10.878,8.853,1837.567,663.917,1173.65
51510201202,8.638,9.409,8.16,2048.05,784.217,1263.833
51510201203,8.832,8.639,9.082,3234.767,1825.1,1409.667
51510201204,8.558,9.287,7.982,2140.483,944.867,1195.617
51510201300,8.516,9.698,7.916,2251.3,758.367,1492.933
51510201400,8.775,9.821,8.233,2620.033,894.117,1725.917
51510201500,9.39,10.676,8.846,2125.283,632.05,1493.233
51510201600,9.219,10.119,8.746,2997.967,1033.15,1964.817
51510201801,8.52,10.403,7.79,3495.9,976.95,2518.95
51510201802,10.391,10.828,10.12,1394.25,533.533,860.717
51510201900,9.278,10.204,8.831,1432.7,466.3,966.4
51510202001,11.287,12.89,10.517,1356.1,440.033,916.067
51510202002,10.378,11.645,9.721,1616.2,551.883,1064.317
51600300100,10.495,9.865,11.107,2924.817,1441.2,1483.617
51600300200,10.602,10.149,10.959,2750.95,1211.483,1539.467
51600300300,10.299,10.145,10.416,3073.4,1319.417,1753.983
51600300400,11.145,10.6,11.63,2319.983,1091.633,1228.35
51600300500,11.159,10.717,11.473,2068.983,860.1,1208.883
51610500100,9.35,10.188,8.876,2048.467,740.2,1308.267
51610500200,9.207,9.624,8.936,3141.5,1236.033,1905.467
51610500300,9.824,10.531,9.405,2061.367,768.333,1293.033
51630000100,20.238,17.312,23.538,1632.867,865.433,767.433
51630000200,21.038,16.775,27.234,2306.9,1366.633,940.267
51630000301,33.233,29.579,37.177,757.867,393.35,364.517
51630000302,23.253,19.286,28.668,1898.1,1095.383,802.717
51630000400,22.899,18.198,30.057,1547.8,934.2,613.6
51630000500,21.721,18.159,26.693,2533.583,1476.133,1057.45
51683910100,14.46,13.395,15.571,2463.317,1256.883,1206.433
51683910201,14.097,12.7,15.632,2629.217,1376.933,1252.283
51683910202,13.727,12.476,15.358,3940.683,2230.1,1710.583
51683910301,14.054,12.982,15.163,2577.533,1309.883,1267.65
51683910302,14.719,13.364,16.141,3011.267,1541.583,1469.683
51683910401,14.811,13.714,16.289,3086.383,1771.683,1314.7
51683910402,15.348,14.376,16.139,3025.6,1356.8,1668.8
51685920100,13.613,12.217,15.704,3156.667,1892.6,1264.067
51685920200,13.647,12.489,14.683,4111.733,1941.017,2170.717
54003971101,30.589,27.542,33.682,1648.733,830.5,818.233
54003971102,27.986,24.384,32.178,2526.833,1358.983,1167.85
54003971201,22.873,19.661,26.224,3584.65,1830.15,1754.5
54003971202,27.968,23.281,33.761,2213.833,1223.8,990.033
54003971300,20.466,16.254,27.245,3192.933,1969.367,1223.567
54003971400,20.299,17.237,24.276,3631.433,2051.833,1579.6
54003971500,23.578,18.803,33.447,1599.9,1078.25,521.65
54003971600,21.516,17.702,27.77,2020.083,1254.783,765.3
54003971700,20.823,16.125,28.289,2183.9,1340.533,843.367
54003971800,26.371,22.668,30.743,2899.333,1569.933,1329.4
54003971900,21.282,17.833,25.388,3830.117,2081.45,1748.667
54003972000,19.768,15.804,24.991,4308.917,2449.667,1859.25
54003972101,28.567,25.233,32.204,1951.9,1018.367,933.533
54003972102,24.635,21.698,28.093,3365.517,1819.767,1545.75
54037972201,24.432,20.949,27.548,1656.967,782.433,874.533
54037972203,25.947,23.403,28.404,1110.533,545.65,564.883
54037972204,25.885,21.761,29.901,1016.05,501.267,514.783
54037972300,22.881,18.412,28.789,2006.233,1142.1,864.133
54037972401,21.045,17.057,27.667,1456.183,908.917,547.267
54037972402,21.858,17.296,27.495,1975.65,1092.033,883.617
54037972501,24.041,19.327,27.683,2105.333,917.6,1187.733
54037972503,23.489,19.162,27.597,1582.133,770.433,811.7
54037972505,21.775,17.666,26.923,1464.1,814.15,649.95
54037972506,23.163,19.879,26.752,1619.45,845.6,773.85
54037972601,24.202,21.199,27.384,1061.783,546.267,515.517
54037972602,24.568,20.44,27.688,1600.95,689.25,911.7
54037972701,24.41,21.319,27.954,1470.667,785.633,685.033
54037972702,24.273,21.495,26.917,1835.667,895.367,940.3
54037972800,24.315,19.676,28.83,2600.233,1282.467,1317.767
